{
"type": "FeatureCollection",
"name": "building_plans_metadata",
"crs": { "type": "name", "properties": { "name": "urn:ogc:def:crs:EPSG::3857" } },
"features": [
{ "type": "Feature", "properties": { "id": 25610, "old_bplan": "new_bplan", "flooding_risk": "has_flooding_risk", "ROR": "Allgäu", "URL des Rasterbildes": "https://wms1.riwagis.de/oberallgaeu_lk_bp/bp-dateien/sonthofen/bplan_0025_grundplan_komplett.pdf", "URL zur Legende": "https://wms1.riwagis.de/oberallgaeu_lk_bp/bp-dateien/sonthofen/bplan_0025_grundplan_komplett.pdf", "URL der textlichen Festsetzung": "https://wms1.riwagis.de/oberallgaeu_lk_bp/bp-dateien/sonthofen/bplan_0025_grundplan_komplett.pdf" }, "geometry": { "type": "Point", "coordinates": [ 1146407.28733793948777, 6026325.57316165138036 ] } },
{ "type": "Feature", "properties": { "id": 25621, "old_bplan": "new_bplan", "flooding_risk": "has_flooding_risk", "ROR": "Allgäu", "URL des Rasterbildes": "https://wms1.riwagis.de/oberallgaeu_lk_bp/bp-dateien/sonthofen/bplan_0001_grundplan.pdf", "URL zur Legende": "https://wms1.riwagis.de/oberallgaeu_lk_bp/bp-dateien/sonthofen/bplan_0001_grundplan.pdf", "URL der textlichen Festsetzung": "https://wms1.riwagis.de/oberallgaeu_lk_bp/bp-dateien/sonthofen/bplan_0001_grundplan.pdf" }, "geometry": { "type": "Point", "coordinates": [ 1142537.662781002465636, 6027777.876699069514871 ] } },
{ "type": "Feature", "properties": { "id": 13020, "old_bplan": "new_bplan", "flooding_risk": "has_flooding_risk", "ROR": "Allgäu", "URL des Rasterbildes": "https://wms1.riwagis.de/ostallgaeu_lk_bp/bp-dateien/pforzen/2022_10_07_bplan_25_suedlich_ke-strasse_planzeichnung.pdf", "URL zur Legende": "https://wms1.riwagis.de/ostallgaeu_lk_bp/bp-dateien/pforzen/2022_10_07_bplan_25_suedlich_ke-strasse_planzeichnung.pdf", "URL der textlichen Festsetzung": "https://wms1.riwagis.de/ostallgaeu_lk_bp/bp-dateien/pforzen/2022_10_07_bplan_25_suedlich_ke-strasse_planzeichnung.pdf" }, "geometry": { "type": "Point", "coordinates": [ 1180451.217140307417139, 6095286.014527936466038 ] } },
{ "type": "Feature", "properties": { "id": 25550, "old_bplan": "new_bplan", "flooding_risk": "has_flooding_risk", "ROR": "Allgäu", "URL des Rasterbildes": "https://wms1.riwagis.de/ostallgaeu_lk_bp/bp-dateien/fuessen/fuessen o75 beteiligung bekanntmachung.pdf", "URL zur Legende": "https://wms1.riwagis.de/ostallgaeu_lk_bp/bp-dateien/fuessen/fuessen o75 beteiligung bekanntmachung.pdf", "URL der textlichen Festsetzung": "https://wms1.riwagis.de/ostallgaeu_lk_bp/bp-dateien/fuessen/fuessen o75 beteiligung 2 entwurf bebauungsplan anlagen 1.1 bis 2.21_2.pdf" }, "geometry": { "type": "Point", "coordinates": [ 1192367.485603473382071, 6036789.85373467206955 ] } },
{ "type": "Feature", "properties": { "id": 15741, "old_bplan": "new_bplan", "flooding_risk": "has_flooding_risk", "ROR": "Allgäu", "URL des Rasterbildes": "https://geoserver.kempten.de/BBPADM/466_181026_vslp_rk_p.pdf", "URL zur Legende": "https://geoserver.kempten.de/BBPADM/466_181026_vslp_rk_leg.pdf", "URL der textlichen Festsetzung": "https://geoserver.kempten.de/BBPADM/466_181026_vslp_rk_text.pdf" }, "geometry": { "type": "Point", "coordinates": [ 1148109.391780453268439, 6063512.866679739207029 ] } },
{ "type": "Feature", "properties": { "id": 23108, "old_bplan": "new_bplan", "flooding_risk": "has_flooding_risk", "ROR": "Augsburg", "URL des Rasterbildes": "https://wms1.riwagis.de/donauries_lk_bp/bp-plaene/tapfheim/gt_rettingen_fl_nr_20.tif", "URL zur Legende": "https://wms1.riwagis.de/donauries_lk_bp/bp-dateien/tapfheim/legende_gt_rettingen_fl_nr_20.pdf", "URL der textlichen Festsetzung": "https://wms1.riwagis.de/donauries_lk_bp/bp-dateien/tapfheim/umweltbericht_gt_rettingen_fl_nr_20.pdf" }, "geometry": { "type": "Point", "coordinates": [ 1193413.757406096672639, 6218646.052833697758615 ] } },
{ "type": "Feature", "properties": { "id": 20790, "old_bplan": "new_bplan", "flooding_risk": "has_flooding_risk", "ROR": "Augsburg", "URL des Rasterbildes": "https://wms1.riwagis.de/donauries_lk_bp/bp-plaene/wechingen/bahndamm.tif", "URL zur Legende": "https://wms1.riwagis.de/donauries_lk_bp/bp-dateien/wechingen/legende_bahndamm.pdf", "URL der textlichen Festsetzung": "https://wms1.riwagis.de/bp_nodata.html" }, "geometry": { "type": "Point", "coordinates": [ 1182445.276883686427027, 6252720.8931172369048 ] } },
{ "type": "Feature", "properties": { "id": 5582, "old_bplan": "new_bplan", "flooding_risk": "has_flooding_risk", "ROR": "Augsburg", "URL des Rasterbildes": "https://gdiserv.bayern.de/bauleitplanung/", "URL zur Legende": "https://gdiserv.bayern.de/bauleitplanung/", "URL der textlichen Festsetzung": "https://okgis.osrz-akdb.de/aic/downloads/bplan/56a949d0-8317-4ea5-85f4-e5ae6fa36738/09771_113_167_000/Festsetzungen.pdf" }, "geometry": { "type": "Point", "coordinates": [ 1238616.011601895326748, 6183587.313823996111751 ] } },
{ "type": "Feature", "properties": { "id": 22552, "old_bplan": "new_bplan", "flooding_risk": "has_flooding_risk", "ROR": "Augsburg", "URL des Rasterbildes": "https://wms1.riwagis.de/donauries_lk_bp/bp-plaene/genderkingen/riedfeld_sued.tif", "URL zur Legende": "https://wms1.riwagis.de/donauries_lk_bp/bp-dateien/genderkingen/legende_riedfeld_süd.pdf", "URL der textlichen Festsetzung": "https://wms1.riwagis.de/bp_nodata.html" }, "geometry": { "type": "Point", "coordinates": [ 1210575.634187241084874, 6224843.176423536613584 ] } },
{ "type": "Feature", "properties": { "id": 22564, "old_bplan": "new_bplan", "flooding_risk": "has_flooding_risk", "ROR": "Augsburg", "URL des Rasterbildes": "https://wms1.riwagis.de/donauries_lk_bp/bp-plaene/niederschönenfeld/noerdlich_der_feldheimer_strasse.tif", "URL zur Legende": "https://wms1.riwagis.de/donauries_lk_bp/bp-dateien/niederschönenfeld/legende_nördlich_der_feldheimer_strasse.pdf", "URL der textlichen Festsetzung": "https://wms1.riwagis.de/bp_nodata.html" }, "geometry": { "type": "Point", "coordinates": [ 1216853.025135161122307, 6227747.783498373813927 ] } },
{ "type": "Feature", "properties": { "id": 3122, "old_bplan": "new_bplan", "flooding_risk": "has_flooding_risk", "ROR": "Bayerischer Untermain", "URL des Rasterbildes": "https://wms1.riwagis.de/miltenberg_lk_bp/bp-plaene/obernburg a.main/mainanlagen.tif", "URL zur Legende": "https://wms1.riwagis.de/miltenberg_lk_bp/bp-dateien/obernburg a.main/mainanlagen_festsetzungen.pdf", "URL der textlichen Festsetzung": "https://wms1.riwagis.de/miltenberg_lk_bp/bp-dateien/obernburg a.main/mainanlagen_gruenordnung.pdf" }, "geometry": { "type": "Point", "coordinates": [ 1018200.588131930329837, 6417703.260788896121085 ] } },
{ "type": "Feature", "properties": { "id": 3122, "old_bplan": "new_bplan", "flooding_risk": "has_flooding_risk", "ROR": "Bayerischer Untermain", "URL des Rasterbildes": "https://wms1.riwagis.de/miltenberg_lk_bp/bp-plaene/obernburg a.main/mainanlagen.tif", "URL zur Legende": "https://wms1.riwagis.de/miltenberg_lk_bp/bp-dateien/obernburg a.main/mainanlagen_festsetzungen.pdf", "URL der textlichen Festsetzung": "https://wms1.riwagis.de/miltenberg_lk_bp/bp-dateien/obernburg a.main/mainanlagen_gruenordnung.pdf" }, "geometry": { "type": "Point", "coordinates": [ 1018200.588131930329837, 6417703.260788896121085 ] } },
{ "type": "Feature", "properties": { "id": 3122, "old_bplan": "new_bplan", "flooding_risk": "has_flooding_risk", "ROR": "Bayerischer Untermain", "URL des Rasterbildes": "https://wms1.riwagis.de/miltenberg_lk_bp/bp-plaene/obernburg a.main/mainanlagen.tif", "URL zur Legende": "https://wms1.riwagis.de/miltenberg_lk_bp/bp-dateien/obernburg a.main/mainanlagen_festsetzungen.pdf", "URL der textlichen Festsetzung": "https://wms1.riwagis.de/miltenberg_lk_bp/bp-dateien/obernburg a.main/mainanlagen_gruenordnung.pdf" }, "geometry": { "type": "Point", "coordinates": [ 1018200.588131930329837, 6417703.260788896121085 ] } },
{ "type": "Feature", "properties": { "id": 6895, "old_bplan": "new_bplan", "flooding_risk": "has_flooding_risk", "ROR": "Donau-Iller (BY)", "URL des Rasterbildes": "https://wms1.riwagis.de/guenzburg_lk_bp_p001/bp-plaene/burgau/121-7148-061-00-plan.tif", "URL zur Legende": "https://wms1.riwagis.de/guenzburg_lk_bp_p001/bp-dateien/burgau/121-7148-061-00-legende.pdf", "URL der textlichen Festsetzung": "https://wms1.riwagis.de/guenzburg_lk_bp_p001/bp-dateien/burgau/121-7148-061-00-legende.pdf" }, "geometry": { "type": "Point", "coordinates": [ 1159865.805508401012048, 6177785.592946376651525 ] } },
{ "type": "Feature", "properties": { "id": 8772, "old_bplan": "new_bplan", "flooding_risk": "has_flooding_risk", "ROR": "Donau-Iller (BY)", "URL des Rasterbildes": "https://wms1.riwagis.de/guenzburg_lk_bp_p001/bp-plaene/thannhausen/185-7726-003-00-plan.tif", "URL zur Legende": "https://wms1.riwagis.de/guenzburg_lk_bp_p001/bp-dateien/thannhausen/185-7726-003-00-plan.pdf", "URL der textlichen Festsetzung": "https://wms1.riwagis.de/guenzburg_lk_bp_p001/bp-dateien/thannhausen/185-7726-003-00-plan.pdf" }, "geometry": { "type": "Point", "coordinates": [ 1165369.240675595356151, 6153433.627202255651355 ] } },
{ "type": "Feature", "properties": { "id": 4781, "old_bplan": "new_bplan", "flooding_risk": "has_flooding_risk", "ROR": "Donau-Iller (BY)", "URL des Rasterbildes": "https://wms1.riwagis.de/guenzburg_lk_bp_p001/bp-plaene/gundremmingen/136-7116-025-00-plan.tif", "URL zur Legende": "https://wms1.riwagis.de/guenzburg_lk_bp_p001/bp-dateien/gundremmingen/136-7116-025-00-plan-neu.pdf", "URL der textlichen Festsetzung": "https://wms1.riwagis.de/guenzburg_lk_bp_p001/bp-dateien/gundremmingen/136-7116-025-00-plan-neu.pdf" }, "geometry": { "type": "Point", "coordinates": [ 1157692.211503623053432, 6191296.479467075318098 ] } },
{ "type": "Feature", "properties": { "id": 4781, "old_bplan": "new_bplan", "flooding_risk": "has_flooding_risk", "ROR": "Donau-Iller (BY)", "URL des Rasterbildes": "https://wms1.riwagis.de/guenzburg_lk_bp_p001/bp-plaene/gundremmingen/136-7116-025-00-plan.tif", "URL zur Legende": "https://wms1.riwagis.de/guenzburg_lk_bp_p001/bp-dateien/gundremmingen/136-7116-025-00-plan-neu.pdf", "URL der textlichen Festsetzung": "https://wms1.riwagis.de/guenzburg_lk_bp_p001/bp-dateien/gundremmingen/136-7116-025-00-plan-neu.pdf" }, "geometry": { "type": "Point", "coordinates": [ 1157692.211503623053432, 6191296.479467075318098 ] } },
{ "type": "Feature", "properties": { "id": 8099, "old_bplan": "new_bplan", "flooding_risk": "has_flooding_risk", "ROR": "Donau-Iller (BY)", "URL des Rasterbildes": "https://wms1.riwagis.de/guenzburg_lk_bp_p001/bp-plaene/muensterhausen/160-7725-018-00-plan.tif", "URL zur Legende": "https://wms1.riwagis.de/guenzburg_lk_bp_p001/bp-dateien/muensterhausen/160-7725-018-00-plan.pdf", "URL der textlichen Festsetzung": "https://wms1.riwagis.de/guenzburg_lk_bp_p001/bp-dateien/muensterhausen/160-7725-018-00-plan.pdf" }, "geometry": { "type": "Point", "coordinates": [ 1162833.788026549620554, 6160420.876069135032594 ] } },
{ "type": "Feature", "properties": { "id": 20950, "old_bplan": "new_bplan", "flooding_risk": "has_flooding_risk", "ROR": "Donau-Wald", "URL des Rasterbildes": "http://geodaten.deggendorf.de/BP/BPlan-Deggendorf-108-000-000.pdf", "URL zur Legende": "http://geodaten.deggendorf.de/BP/BPlan-Deggendorf-108-000-005.pdf", "URL der textlichen Festsetzung": "http://geodaten.deggendorf.de/BP/BPlan-Deggendorf-108-000-005.pdf" }, "geometry": { "type": "Point", "coordinates": [ 1442637.863479412393644, 6245674.200224105268717 ] } },
{ "type": "Feature", "properties": { "id": 21421, "old_bplan": "new_bplan", "flooding_risk": "has_flooding_risk", "ROR": "Donau-Wald", "URL des Rasterbildes": "https://wms1.riwagis.de/hengersberg_gd_bp/bp-plaene/hengersberg/industriegebiet_teil_iii_holz_db6_plan_tc.tif", "URL zur Legende": "https://wms1.riwagis.de/hengersberg_gd_bp/bp-dateien/hengersberg/industriegebiet_teil_iii_holz_db6_leg.pdf", "URL der textlichen Festsetzung": "https://wms1.riwagis.de/hengersberg_gd_bp/bp-dateien/hengersberg/industriegebiet_teil_iii_holz_db6_plan.pdf" }, "geometry": { "type": "Point", "coordinates": [ 1454872.553018112899736, 6234192.202838268131018 ] } },
{ "type": "Feature", "properties": { "id": 20521, "old_bplan": "new_bplan", "flooding_risk": "has_flooding_risk", "ROR": "Donau-Wald", "URL des Rasterbildes": "https://www.straubing.de/leben/bauen-und-wohnen/bauleitplanverfahren/bebauungsplaene/3083.Bebauungsplaene.html?detID=577", "URL zur Legende": "https://www.straubing.de/leben/bauen-und-wohnen/bauleitplanverfahren/bebauungsplaene/3083.Bebauungsplaene.html?detID=577", "URL der textlichen Festsetzung": "https://www.straubing.de/leben/bauen-und-wohnen/bauleitplanverfahren/bebauungsplaene/3083.Bebauungsplaene.html?detID=577" }, "geometry": { "type": "Point", "coordinates": [ 1397837.81335357343778, 6254037.524052842520177 ] } },
{ "type": "Feature", "properties": { "id": 21413, "old_bplan": "new_bplan", "flooding_risk": "has_flooding_risk", "ROR": "Donau-Wald", "URL des Rasterbildes": "https://wms1.riwagis.de/hengersberg_gd_bp/bp-plaene/hengersberg/gewerbegebiet_ii-aufhebung_db4-db5.tif", "URL zur Legende": "https://wms1.riwagis.de/hengersberg_gd_bp/bp-dateien/hengersberg/Gewerbegebiet_II-Aufhebung_DB4-DB5_DB5.pdf", "URL der textlichen Festsetzung": "https://wms1.riwagis.de/hengersberg_gd_bp/bp-dateien/hengersberg/Gewerbegebiet_II-Aufhebung_DB4-DB5_Festsetzung01-56.pdf" }, "geometry": { "type": "Point", "coordinates": [ 1451831.27678099507466, 6235649.487426806241274 ] } },
{ "type": "Feature", "properties": { "id": 20940, "old_bplan": "new_bplan", "flooding_risk": "has_flooding_risk", "ROR": "Donau-Wald", "URL des Rasterbildes": "https://www.markt-metten.de/media/53475/urfassung_wohnen_am_perlbach.pdf", "URL zur Legende": "https://www.markt-metten.de/media/53475/urfassung_wohnen_am_perlbach.pdf", "URL der textlichen Festsetzung": "https://www.markt-metten.de/media/53475/urfassung_wohnen_am_perlbach.pdf" }, "geometry": { "type": "Point", "coordinates": [ 1437358.326933288946748, 6249476.916120247915387 ] } },
{ "type": "Feature", "properties": { "id": 16894, "old_bplan": "new_bplan", "flooding_risk": "has_flooding_risk", "ROR": "Industrieregion Mittelfranken", "URL des Rasterbildes": "https://wms1.riwagis.de/fuerth_lk_bp/bp-plaene/wilhermsdorf/bp_am_ehemaligen_schlossgarten.tif", "URL zur Legende": "https://wms1.riwagis.de/fuerth_lk_bp/bp-dateien/wilhermsdorf/bp_am_ehemaligen_schlossgarten.pdf", "URL der textlichen Festsetzung": "https://wms1.riwagis.de/fuerth_lk_bp/bp-dateien/wilhermsdorf/bp_am_ehemaligen_schlossgarten.pdf" }, "geometry": { "type": "Point", "coordinates": [ 1193003.130924223456532, 6356915.450233478099108 ] } },
{ "type": "Feature", "properties": { "id": 17216, "old_bplan": "new_bplan", "flooding_risk": "has_flooding_risk", "ROR": "Industrieregion Mittelfranken", "URL des Rasterbildes": "https://wms1.riwagis.de/fuerth_lk_bp/bp-plaene/grosshabersdorf/ortsgestaltungssatzung.tif", "URL zur Legende": "https://wms1.riwagis.de/fuerth_lk_bp/bp-dateien/grosshabersdorf/ortsgestaltungssatzung.pdf", "URL der textlichen Festsetzung": "https://wms1.riwagis.de/fuerth_lk_bp/bp-dateien/grosshabersdorf/ortsgestaltungssatzung.pdf" }, "geometry": { "type": "Point", "coordinates": [ 1201007.005695001455024, 6343642.018501748330891 ] } },
{ "type": "Feature", "properties": { "id": 16758, "old_bplan": "new_bplan", "flooding_risk": "has_flooding_risk", "ROR": "Industrieregion Mittelfranken", "URL des Rasterbildes": "Dieser Bebauungsplan wurde noch nicht eingescannt", "URL zur Legende": "Dieser Bebauungsplan wurde noch nicht eingescannt", "URL der textlichen Festsetzung": "Dieser Bebauungsplan wurde noch nicht eingescannt" }, "geometry": { "type": "Point", "coordinates": [ 1278159.520436650840566, 6361456.60455575119704 ] } },
{ "type": "Feature", "properties": { "id": 4714, "old_bplan": "new_bplan", "flooding_risk": "has_flooding_risk", "ROR": "Industrieregion Mittelfranken", "URL des Rasterbildes": "https://erlangen.de/uwao-api/faila/files/bypath/Dokumente/Maps/Bplan/21.pdf", "URL zur Legende": "https://erlangen.de/uwao-api/faila/files/bypath/Dokumente/Maps/Bplan/21.pdf", "URL der textlichen Festsetzung": "https://erlangen.de/uwao-api/faila/files/bypath/Dokumente/Maps/Bplan/21.pdf" }, "geometry": { "type": "Point", "coordinates": [ 1227223.148803214076906, 6377410.960742081515491 ] } },
{ "type": "Feature", "properties": { "id": 16594, "old_bplan": "new_bplan", "flooding_risk": "has_flooding_risk", "ROR": "Industrieregion Mittelfranken", "URL des Rasterbildes": "https://wms1.riwagis.de/fuerth_lk_bp/bp-plaene/veitsbronn/bp28_einzelhandel_fuerther_strasse.tif", "URL zur Legende": "https://wms1.riwagis.de/fuerth_lk_bp/bp-dateien/veitsbronn/bp28_einzelhandel_fuerther_strasse.pdf", "URL der textlichen Festsetzung": "https://wms1.riwagis.de/fuerth_lk_bp/bp-dateien/veitsbronn/bp28_einzelhandel_fuerther_strasse.pdf" }, "geometry": { "type": "Point", "coordinates": [ 1211863.047821217682213, 6361305.387078488245606 ] } },
{ "type": "Feature", "properties": { "id": 22185, "old_bplan": "new_bplan", "flooding_risk": "has_flooding_risk", "ROR": "Ingolstadt", "URL des Rasterbildes": "https://wms1.riwagis.de/ingolstadt_gd_bp/bp-plaene/ingolstadt/122aei.tif", "URL zur Legende": "https://wms1.riwagis.de/ingolstadt_gd_bp/bp-dateien/ingolstadt/122 ae i_grafik.pdf", "URL der textlichen Festsetzung": "https://wms1.riwagis.de/ingolstadt_gd_bp/bp-dateien/ingolstadt/122 ae i_text.pdf" }, "geometry": { "type": "Point", "coordinates": [ 1272588.537215973017737, 6231490.829374512657523 ] } },
{ "type": "Feature", "properties": { "id": 22198, "old_bplan": "new_bplan", "flooding_risk": "has_flooding_risk", "ROR": "Ingolstadt", "URL des Rasterbildes": "https://wms1.riwagis.de/ingolstadt_gd_bp/bp-plaene/ingolstadt/125aei.tif", "URL zur Legende": "https://wms1.riwagis.de/ingolstadt_gd_bp/bp-dateien/ingolstadt/125 ae i_grafik.pdf", "URL der textlichen Festsetzung": "https://wms1.riwagis.de/ingolstadt_gd_bp/bp-dateien/ingolstadt/125 ae i_text.pdf" }, "geometry": { "type": "Point", "coordinates": [ 1271891.049332870636135, 6232436.737599541433156 ] } },
{ "type": "Feature", "properties": { "id": 24321, "old_bplan": "new_bplan", "flooding_risk": "has_flooding_risk", "ROR": "Ingolstadt", "URL des Rasterbildes": "http://files.stadt-pfaffenhofen.de/bebauungsplaene/B192/B192_0.pdf", "URL zur Legende": "Dieser Bebauungsplan wurde noch nicht eingescannt", "URL der textlichen Festsetzung": "http://files.stadt-pfaffenhofen.de/bebauungsplaene/B192" }, "geometry": { "type": "Point", "coordinates": [ 1285394.036684843944386, 6202382.041177551262081 ] } },
{ "type": "Feature", "properties": { "id": 22650, "old_bplan": "new_bplan", "flooding_risk": "has_flooding_risk", "ROR": "Ingolstadt", "URL des Rasterbildes": "https://www.baar-ebenhausen.de/_Resources/Persistent/b/c/d/c/bcdc62ab2fb71c0e0dc7da00e50d78457b9758ef/B%20Plan%20Gaensweiher.pdf", "URL zur Legende": "Dieser Bebauungsplan wurde noch nicht eingescannt", "URL der textlichen Festsetzung": "Dieser Bebauungsplan wurde noch nicht eingescannt" }, "geometry": { "type": "Point", "coordinates": [ 1276762.846250452566892, 6220959.66471351403743 ] } },
{ "type": "Feature", "properties": { "id": 21765, "old_bplan": "new_bplan", "flooding_risk": "has_flooding_risk", "ROR": "Ingolstadt", "URL des Rasterbildes": "https://www.muenchsmuenster.de/fileadmin/user_upload/139_004_05.pdf", "URL zur Legende": "Dieser Bebauungsplan wurde noch nicht eingescannt", "URL der textlichen Festsetzung": "Dieser Bebauungsplan wurde noch nicht eingescannt" }, "geometry": { "type": "Point", "coordinates": [ 1300207.995183094171807, 6234209.187409296631813 ] } },
{ "type": "Feature", "properties": { "id": 22772, "old_bplan": "new_bplan", "flooding_risk": "has_flooding_risk", "ROR": "Landshut", "URL des Rasterbildes": "http://www.landkreis-landshut.de/Bebauungsplaene/Ergoldsbach/SO_Solarpark_Oberergoldsbach_Bahn_Sued/SO_Solarpark_Oberergoldsbach_Bahn_Sued/Plan.pdf", "URL zur Legende": "http://www.landkreis-landshut.de/Bebauungsplaene/Ergoldsbach/SO_Solarpark_Oberergoldsbach_Bahn_Sued/SO_Solarpark_Oberergoldsbach_Bahn_Sued/Legende.pdf", "URL der textlichen Festsetzung": "http://www.landkreis-landshut.de/Bebauungsplaene/Ergoldsbach/SO_Solarpark_Oberergoldsbach_Bahn_Sued/SO_Solarpark_Oberergoldsbach_Bahn_Sued/Text.pdf" }, "geometry": { "type": "Point", "coordinates": [ 1356838.190191973000765, 6219358.001689350232482 ] } },
{ "type": "Feature", "properties": { "id": 5889, "old_bplan": "new_bplan", "flooding_risk": "has_flooding_risk", "ROR": "Landshut", "URL des Rasterbildes": "http://www.landkreis-landshut.de/Bebauungsplaene/Vilsbiburg/SO_Einzelhandel_und_GE_an_der_Frontenhausener_Strasse/SO_Einzelhandel_und_GE_an_der_Frontenhausener_Strasse/Plan.jpg", "URL zur Legende": "http://www.landkreis-landshut.de/Bebauungsplaene/Vilsbiburg/SO_Einzelhandel_und_GE_an_der_Frontenhausener_Strasse/SO_Einzelhandel_und_GE_an_der_Frontenhausener_Strasse/Legende.pdf", "URL der textlichen Festsetzung": "http://www.landkreis-landshut.de/Bebauungsplaene/Vilsbiburg/SO_Einzelhandel_und_GE_an_der_Frontenhausener_Strasse/SO_Einzelhandel_und_GE_an_der_Frontenhausener_Strasse/Text.pdf" }, "geometry": { "type": "Point", "coordinates": [ 1376447.013136981986463, 6182768.679808611981571 ] } },
{ "type": "Feature", "properties": { "id": 7362, "old_bplan": "new_bplan", "flooding_risk": "has_flooding_risk", "ROR": "Landshut", "URL des Rasterbildes": "https://wms1.riwagis.de/rottal_lk_bp/bp-plaene/mitterskirchen/so naturbad.tif", "URL zur Legende": "https://wms1.riwagis.de/rottal_lk_bp/bp-dateien/mitterskirchen/so naturbad.pdf", "URL der textlichen Festsetzung": "https://wms1.riwagis.de/rottal_lk_bp/bp-dateien/mitterskirchen/so naturbad.pdf" }, "geometry": { "type": "Point", "coordinates": [ 1417689.622575762216002, 6165758.58954266551882 ] } },
{ "type": "Feature", "properties": { "id": 6727, "old_bplan": "new_bplan", "flooding_risk": "has_flooding_risk", "ROR": "Landshut", "URL des Rasterbildes": "https://wms1.riwagis.de/rottal_lk_bp/bp-plaene/eggenfelden/theaterstrasse - original.tif", "URL zur Legende": "https://wms1.riwagis.de/rottal_lk_bp/bp-dateien/eggenfelden/theaterstrasse.pdf", "URL der textlichen Festsetzung": "https://wms1.riwagis.de/rottal_lk_bp/bp-dateien/eggenfelden/theaterstrasse.pdf" }, "geometry": { "type": "Point", "coordinates": [ 1421461.19174955971539, 6174224.561952071264386 ] } },
{ "type": "Feature", "properties": { "id": 22772, "old_bplan": "new_bplan", "flooding_risk": "has_flooding_risk", "ROR": "Landshut", "URL des Rasterbildes": "http://www.landkreis-landshut.de/Bebauungsplaene/Ergoldsbach/SO_Solarpark_Oberergoldsbach_Bahn_Sued/SO_Solarpark_Oberergoldsbach_Bahn_Sued/Plan.pdf", "URL zur Legende": "http://www.landkreis-landshut.de/Bebauungsplaene/Ergoldsbach/SO_Solarpark_Oberergoldsbach_Bahn_Sued/SO_Solarpark_Oberergoldsbach_Bahn_Sued/Legende.pdf", "URL der textlichen Festsetzung": "http://www.landkreis-landshut.de/Bebauungsplaene/Ergoldsbach/SO_Solarpark_Oberergoldsbach_Bahn_Sued/SO_Solarpark_Oberergoldsbach_Bahn_Sued/Text.pdf" }, "geometry": { "type": "Point", "coordinates": [ 1356838.190191973000765, 6219358.001689350232482 ] } },
{ "type": "Feature", "properties": { "id": 767, "old_bplan": "new_bplan", "flooding_risk": "has_flooding_risk", "ROR": "Main-Rhön", "URL des Rasterbildes": "https://geodaten.hassberge.de/bayernatlas/bplan/hassfurt/so_im_hainig.pdf", "URL zur Legende": "https://geodaten.hassberge.de/bayernatlas/bplan/hassfurt/so_im_hainig.pdf", "URL der textlichen Festsetzung": "https://geodaten.hassberge.de/bayernatlas/bplan/hassfurt/so_im_hainig.pdf" }, "geometry": { "type": "Point", "coordinates": [ 1171500.024048377061263, 6451364.097659133374691 ] } },
{ "type": "Feature", "properties": { "id": 1375, "old_bplan": "new_bplan", "flooding_risk": "has_flooding_risk", "ROR": "Main-Rhön", "URL des Rasterbildes": "https://geodaten.hassberge.de/bayernatlas/bplan/sand/zehentwoerth_II.pdf", "URL zur Legende": "https://geodaten.hassberge.de/bayernatlas/bplan/sand/zehentwoerth_II.pdf", "URL der textlichen Festsetzung": "https://geodaten.hassberge.de/bayernatlas/bplan/sand/zehentwoerth_II.pdf" }, "geometry": { "type": "Point", "coordinates": [ 1180411.456352340523154, 6444297.572956787422299 ] } },
{ "type": "Feature", "properties": { "id": 1375, "old_bplan": "new_bplan", "flooding_risk": "has_flooding_risk", "ROR": "Main-Rhön", "URL des Rasterbildes": "https://geodaten.hassberge.de/bayernatlas/bplan/sand/zehentwoerth_II.pdf", "URL zur Legende": "https://geodaten.hassberge.de/bayernatlas/bplan/sand/zehentwoerth_II.pdf", "URL der textlichen Festsetzung": "https://geodaten.hassberge.de/bayernatlas/bplan/sand/zehentwoerth_II.pdf" }, "geometry": { "type": "Point", "coordinates": [ 1180411.456352340523154, 6444297.572956787422299 ] } },
{ "type": "Feature", "properties": { "id": 26262, "old_bplan": "new_bplan", "flooding_risk": "has_flooding_risk", "ROR": "Main-Rhön", "URL des Rasterbildes": "http://80.156.15.206/MUENNERSTADT/00-M%C3%9C-%C3%84ussereLache-16.09.19.pdf", "URL zur Legende": "http://80.156.15.206/MUENNERSTADT/00-M%C3%9C-%C3%84ussereLache-16.09.19.pdf", "URL der textlichen Festsetzung": "http://80.156.15.206/MUENNERSTADT/00-M%C3%9C-%C3%84ussereLache-16.09.19.pdf" }, "geometry": { "type": "Point", "coordinates": [ 1134240.736288551939651, 6490195.023333484306931 ] } },
{ "type": "Feature", "properties": { "id": 26821, "old_bplan": "new_bplan", "flooding_risk": "has_flooding_risk", "ROR": "Main-Rhön", "URL des Rasterbildes": "http://80.156.15.206/BADKISSINGEN/3.05_GEb_Bad%20Kissingen%20Sued_5.Aend.pdf", "URL zur Legende": "http://80.156.15.206/BADKISSINGEN/3.05_GEb_Bad%20Kissingen%20Sued_5.Aend.pdf", "URL der textlichen Festsetzung": "http://80.156.15.206/BADKISSINGEN/3.05_GEb_Bad%20Kissingen%20Sued_5.Aend.pdf" }, "geometry": { "type": "Point", "coordinates": [ 1121420.017339977435768, 6477882.214044818654656 ] } },
{ "type": "Feature", "properties": { "id": 6498, "old_bplan": "new_bplan", "flooding_risk": "has_flooding_risk", "ROR": "München", "URL des Rasterbildes": "https://karten.kreis-freising.de/daten/BP/Allershausen/Aen/All-B-0097-B.pdf", "URL zur Legende": "https://karten.kreis-freising.de/daten/BP/Allershausen/Aen/All-B-0097-B.pdf", "URL der textlichen Festsetzung": "https://karten.kreis-freising.de/daten/BP/Allershausen/Aen/All-B-0097-B.pdf" }, "geometry": { "type": "Point", "coordinates": [ 1290536.10253752884455, 6178595.667287761345506 ] } },
{ "type": "Feature", "properties": { "id": 9577, "old_bplan": "new_bplan", "flooding_risk": "has_flooding_risk", "ROR": "München", "URL des Rasterbildes": "http://gis.landratsamt-dachau.de/data/Bebauungsplaene/Gde_Karlsfeld/Plandarstellung_zu_B-Plan_Nr_97_a_Karlsfeld.pdf", "URL zur Legende": "http://gis.landratsamt-dachau.de/data/Bebauungsplaene/Gde_Karlsfeld/Festsetzungen_zu_B-Plan_Nr_97_a_Karlsfeld.pdf", "URL der textlichen Festsetzung": "http://gis.landratsamt-dachau.de/data/Bebauungsplaene/Gde_Karlsfeld/Festsetzungen_zu_B-Plan_Nr_97_a_Karlsfeld.pdf" }, "geometry": { "type": "Point", "coordinates": [ 1277018.797336598625407, 6144179.17294436506927 ] } },
{ "type": "Feature", "properties": { "id": 6620, "old_bplan": "new_bplan", "flooding_risk": "has_flooding_risk", "ROR": "München", "URL des Rasterbildes": "https://www.vg-wartenberg.de/images/stories/Gemeinde_Langenpreising/Bebauungsplne/BPL_Ortsmitte_Lgpr_Plan_2011-12-13.pdf", "URL zur Legende": "https://www.vg-wartenberg.de/images/stories/Gemeinde_Langenpreising/Bebauungsplne/BPL_Ortsmitte_Lgpr_Plan_2011-12-13.pdf", "URL der textlichen Festsetzung": "https://www.vg-wartenberg.de/images/stories/Gemeinde_Langenpreising/Bebauungsplne/BPL_Ortsmitte_Lgpr_Plan_2011-12-13.pdf" }, "geometry": { "type": "Point", "coordinates": [ 1332627.377537279622629, 6177878.133101961575449 ] } },
{ "type": "Feature", "properties": { "id": 9583, "old_bplan": "new_bplan", "flooding_risk": "has_flooding_risk", "ROR": "München", "URL des Rasterbildes": "http://gis.landratsamt-dachau.de/data/Bebauungsplaene/Gde_Karlsfeld/Planfassung_gesamt_zu_B_Plan_Nr_110_Gymnasium_Kita.pdf", "URL zur Legende": "http://gis.landratsamt-dachau.de/data/Bebauungsplaene/Gde_Karlsfeld/Planfassung_gesamt_zu_B_Plan_Nr_110_Gymnasium_Kita.pdf", "URL der textlichen Festsetzung": "http://gis.landratsamt-dachau.de/data/Bebauungsplaene/Gde_Karlsfeld/Festsetzungen_zu_B_Plan_Nr_110_Gymnasium_Kita.pdf" }, "geometry": { "type": "Point", "coordinates": [ 1275232.081800432642922, 6143118.609176908619702 ] } },
{ "type": "Feature", "properties": { "id": 6622, "old_bplan": "new_bplan", "flooding_risk": "has_flooding_risk", "ROR": "München", "URL des Rasterbildes": "https://www.vg-wartenberg.de/images/stories/Gemeinde_Langenpreising/Bebauungsplne/BPL_Am_S%C3%B6llgraben_Plan_2018-03-23.pdf", "URL zur Legende": "https://www.vg-wartenberg.de/images/stories/Gemeinde_Langenpreising/Bebauungsplne/BPL_Am_S%C3%B6llgraben_Plan_2018-03-23.pdf", "URL der textlichen Festsetzung": "https://www.vg-wartenberg.de/images/stories/Gemeinde_Langenpreising/Bebauungsplne/BPL_Am_S%C3%B6llgraben_Plan_2018-03-23.pdf" }, "geometry": { "type": "Point", "coordinates": [ 1332254.747024389449507, 6178336.755271673202515 ] } },
{ "type": "Feature", "properties": { "id": 27390, "old_bplan": "new_bplan", "flooding_risk": "has_flooding_risk", "ROR": "Oberfranken-Ost", "URL des Rasterbildes": "https://wms1.riwagis.de/kulmbach_lk_bp/bp-plaene/kulmbach/477128054_plan_wgeo.tif", "URL zur Legende": "https://wms1.riwagis.de/kulmbach_lk_bp/bp-dateien/kulmbach/477128054_legende.pdf", "URL der textlichen Festsetzung": "https://wms1.riwagis.de/kulmbach_lk_bp/bp-dateien/kulmbach/477128054_begruendung.pdf" }, "geometry": { "type": "Point", "coordinates": [ 1273676.937968310201541, 6466190.792693610303104 ] } },
{ "type": "Feature", "properties": { "id": 27390, "old_bplan": "new_bplan", "flooding_risk": "has_flooding_risk", "ROR": "Oberfranken-Ost", "URL des Rasterbildes": "https://wms1.riwagis.de/kulmbach_lk_bp/bp-plaene/kulmbach/477128054_plan_wgeo.tif", "URL zur Legende": "https://wms1.riwagis.de/kulmbach_lk_bp/bp-dateien/kulmbach/477128054_legende.pdf", "URL der textlichen Festsetzung": "https://wms1.riwagis.de/kulmbach_lk_bp/bp-dateien/kulmbach/477128054_begruendung.pdf" }, "geometry": { "type": "Point", "coordinates": [ 1273676.937968310201541, 6466190.792693610303104 ] } },
{ "type": "Feature", "properties": { "id": 27387, "old_bplan": "new_bplan", "flooding_risk": "has_flooding_risk", "ROR": "Oberfranken-Ost", "URL des Rasterbildes": "https://wms1.riwagis.de/kulmbach_lk_bp/bp-plaene/kulmbach/477128047_plan_wgeo.tif", "URL zur Legende": "https://wms1.riwagis.de/kulmbach_lk_bp/bp-dateien/kulmbach/477128047_legende.pdf", "URL der textlichen Festsetzung": "https://wms1.riwagis.de/kulmbach_lk_bp/bp-dateien/kulmbach/477128047_begruendung.pdf" }, "geometry": { "type": "Point", "coordinates": [ 1273113.214884707005695, 6465846.826066327281296 ] } },
{ "type": "Feature", "properties": { "id": 27387, "old_bplan": "new_bplan", "flooding_risk": "has_flooding_risk", "ROR": "Oberfranken-Ost", "URL des Rasterbildes": "https://wms1.riwagis.de/kulmbach_lk_bp/bp-plaene/kulmbach/477128047_plan_wgeo.tif", "URL zur Legende": "https://wms1.riwagis.de/kulmbach_lk_bp/bp-dateien/kulmbach/477128047_legende.pdf", "URL der textlichen Festsetzung": "https://wms1.riwagis.de/kulmbach_lk_bp/bp-dateien/kulmbach/477128047_begruendung.pdf" }, "geometry": { "type": "Point", "coordinates": [ 1273113.214884707005695, 6465846.826066327281296 ] } },
{ "type": "Feature", "properties": { "id": 449, "old_bplan": "new_bplan", "flooding_risk": "has_flooding_risk", "ROR": "Oberfranken-Ost", "URL des Rasterbildes": "http://www.landkreis-wunsiedel.de/vermessungsdaten/Bplan-Arzberg-Fladenwiese-000-000.pdf", "URL zur Legende": "http://www.landkreis-wunsiedel.de/vermessungsdaten/Bplan-Arzberg-Fladenwiese-000-001.pdf", "URL der textlichen Festsetzung": "http://www.landkreis-wunsiedel.de/vermessungsdaten/Bplan-Arzberg-Fladenwiese-000-002.pdf" }, "geometry": { "type": "Point", "coordinates": [ 1356475.388199595734477, 6455846.219116482883692 ] } },
{ "type": "Feature", "properties": { "id": 4013, "old_bplan": "new_bplan", "flooding_risk": "has_flooding_risk", "ROR": "Oberfranken-West", "URL des Rasterbildes": "https://wms1.riwagis.de/forchheim_gd_bp/bp-plaene/forchheim/1_2-2.tif", "URL zur Legende": "https://wms1.riwagis.de/forchheim_gd_bp/bp-dateien/forchheim/bp_1_2_2__an_der_karolinger_strasse.pdf", "URL der textlichen Festsetzung": "https://wms1.riwagis.de/forchheim_gd_bp/bp-dateien/forchheim/bp_1_2_2__an_der_karolinger_strasse.pdf" }, "geometry": { "type": "Point", "coordinates": [ 1230402.414521245518699, 6397946.536399140022695 ] } },
{ "type": "Feature", "properties": { "id": 26443, "old_bplan": "new_bplan", "flooding_risk": "has_flooding_risk", "ROR": "Oberfranken-West", "URL des Rasterbildes": "https://wms1.riwagis.de/kronach_lk_bp/bp-plaene/marktrodach/476183065_1.tif", "URL zur Legende": "https://wms1.riwagis.de/kronach_lk_bp/bp-dateien/marktrodach/476183065_1-000.pdf", "URL der textlichen Festsetzung": "https://wms1.riwagis.de/kronach_lk_bp/bp-dateien/marktrodach/476183065_1-000.pdf" }, "geometry": { "type": "Point", "coordinates": [ 1268417.474483566591516, 6491253.76554954610765 ] } },
{ "type": "Feature", "properties": { "id": 26694, "old_bplan": "new_bplan", "flooding_risk": "has_flooding_risk", "ROR": "Oberfranken-West", "URL des Rasterbildes": "https://wms1.riwagis.de/kronach_lk_bp/bp-dateien/weissenbrunn/476185001-000.pdf", "URL zur Legende": "https://wms1.riwagis.de/kronach_lk_bp/bp-dateien/weissenbrunn/476185001-000.pdf", "URL der textlichen Festsetzung": "https://wms1.riwagis.de/kronach_lk_bp/bp-dateien/weissenbrunn/476185001-000.pdf" }, "geometry": { "type": "Point", "coordinates": [ 1258207.813683023676276, 6481845.910216956399381 ] } },
{ "type": "Feature", "properties": { "id": 26960, "old_bplan": "new_bplan", "flooding_risk": "has_flooding_risk", "ROR": "Oberfranken-West", "URL des Rasterbildes": "https://wms1.riwagis.de/lichtenfels_lk_bp/bp-plaene/michelau i.ofr./geoangerlage.tif", "URL zur Legende": "https://wms1.riwagis.de/lichtenfels_lk_bp/bp-dateien/michelau i.ofr/angerlage i - michelau.pdf", "URL der textlichen Festsetzung": "https://wms1.riwagis.de/lichtenfels_lk_bp/bp-dateien/michelau i.ofr/angerlage i - michelau.pdf" }, "geometry": { "type": "Point", "coordinates": [ 1236302.784990814514458, 6473855.58063533063978 ] } },
{ "type": "Feature", "properties": { "id": 27274, "old_bplan": "new_bplan", "flooding_risk": "has_flooding_risk", "ROR": "Oberfranken-West", "URL des Rasterbildes": "https://wms1.riwagis.de/lichtenfels_lk_bp/bp-plaene/lichtenfels/bplan_rechtskraeftig.tif", "URL zur Legende": "https://wms1.riwagis.de/lichtenfels_lk_bp/bp-dateien/lichtenfels/b92_bp.pdf", "URL der textlichen Festsetzung": "https://wms1.riwagis.de/lichtenfels_lk_bp/bp-dateien/lichtenfels/b92_bp.pdf" }, "geometry": { "type": "Point", "coordinates": [ 1228025.143508194480091, 6468933.256591937504709 ] } },
{ "type": "Feature", "properties": { "id": 13163, "old_bplan": "new_bplan", "flooding_risk": "has_flooding_risk", "ROR": "Oberland", "URL des Rasterbildes": "https://wms1.riwagis.de/toelz_lk_bp/bp-plaene/egling/034_001_am_wasserhaus_plan_tc.tif", "URL zur Legende": "https://wms1.riwagis.de/toelz_lk_bp/bp-dateien/egling/034_001_am_wasserhaus_leg.pdf", "URL der textlichen Festsetzung": "https://wms1.riwagis.de/toelz_lk_bp/bp-dateien/egling/034_001_am_wasserhaus_begr.pdf" }, "geometry": { "type": "Point", "coordinates": [ 1281210.524149358272552, 6094341.309846227057278 ] } },
{ "type": "Feature", "properties": { "id": 14277, "old_bplan": "new_bplan", "flooding_risk": "has_flooding_risk", "ROR": "Oberland", "URL des Rasterbildes": "https://wms1.riwagis.de/weilheim_lk_bp/bp-dateien/weilheim i.ob/bpl 56 noerdlich der geistbuehelstrasse_plan entwurf 04-03-2020.pdf", "URL zur Legende": "https://wms1.riwagis.de/weilheim_lk_bp/bp-dateien/weilheim i.ob/bpl 56 noerdlich der geistbuehelstrasse_plan entwurf 04-03-2020.pdf", "URL der textlichen Festsetzung": "https://wms1.riwagis.de/weilheim_lk_bp/bp-dateien/weilheim i.ob/bpl 56 noerdlich der geistbuehelstrasse_plan entwurf 04-03-2020.pdf" }, "geometry": { "type": "Point", "coordinates": [ 1239666.709043520037085, 6079718.555343703366816 ] } },
{ "type": "Feature", "properties": { "id": 15458, "old_bplan": "new_bplan", "flooding_risk": "has_flooding_risk", "ROR": "Oberland", "URL des Rasterbildes": "https://wms1.riwagis.de/toelz_lk_bp/bp-dateien/bad toelz/hoehe_baulicher_anlagen_suedlich_des_kalvarienberges_09-08-2013.pdf", "URL zur Legende": "https://wms1.riwagis.de/toelz_lk_bp/bp-dateien/bad toelz/hoehe_baulicher_anlagen_suedlich_des_kalvarienberges_09-08-2013.pdf", "URL der textlichen Festsetzung": "https://wms1.riwagis.de/toelz_lk_bp/bp-dateien/bad toelz/hoehe_baulicher_anlagen_suedlich_des_kalvarienberges_09-08-2013.pdf" }, "geometry": { "type": "Point", "coordinates": [ 1288114.739858476677909, 6064218.147168674506247 ] } },
{ "type": "Feature", "properties": { "id": 16005, "old_bplan": "new_bplan", "flooding_risk": "has_flooding_risk", "ROR": "Oberland", "URL des Rasterbildes": "https://wms1.riwagis.de/bp_nodata.html", "URL zur Legende": "https://wms1.riwagis.de/bp_nodata.html", "URL der textlichen Festsetzung": "https://wms1.riwagis.de/bp_nodata.html" }, "geometry": { "type": "Point", "coordinates": [ 1323997.704838863341138, 6056828.55651113204658 ] } },
{ "type": "Feature", "properties": { "id": 14270, "old_bplan": "new_bplan", "flooding_risk": "has_flooding_risk", "ROR": "Oberland", "URL des Rasterbildes": "https://wms1.riwagis.de/weilheim_lk_bp/bp-dateien/weilheim i.ob/einfacher bpl gewerbegebiet trifthof.pdf", "URL zur Legende": "https://wms1.riwagis.de/weilheim_lk_bp/bp-dateien/weilheim i.ob/einfacher bpl gewerbegebiet trifthof.pdf", "URL der textlichen Festsetzung": "https://wms1.riwagis.de/weilheim_lk_bp/bp-dateien/weilheim i.ob/einfacher bpl gewerbegebiet trifthof.pdf" }, "geometry": { "type": "Point", "coordinates": [ 1238462.825848028529435, 6078896.857289637438953 ] } },
{ "type": "Feature", "properties": { "id": 18318, "old_bplan": "new_bplan", "flooding_risk": "has_flooding_risk", "ROR": "Oberpfalz-Nord", "URL des Rasterbildes": "https://geodaten.landkreis-schwandorf.de/portal/apps/dashboards/1f7936924fcc4a75999bd097c816ddfa#pnr=116_020", "URL zur Legende": "https://geodaten.landkreis-schwandorf.de/portal/apps/dashboards/1f7936924fcc4a75999bd097c816ddfa#pnr=116_020", "URL der textlichen Festsetzung": "https://geodaten.landkreis-schwandorf.de/portal/apps/dashboards/1f7936924fcc4a75999bd097c816ddfa#pnr=116_020" }, "geometry": { "type": "Point", "coordinates": [ 1369820.293343666940928, 6320643.21138178743422 ] } },
{ "type": "Feature", "properties": { "id": 17073, "old_bplan": "new_bplan", "flooding_risk": "has_flooding_risk", "ROR": "Oberpfalz-Nord", "URL des Rasterbildes": "http://geodaten.amberg.de/bplan/Einzeluebersicht/BL_9_St._Sebastian-Innen.htm", "URL zur Legende": "http://geodaten.amberg.de/bplan/Einzeluebersicht/BL_9_St._Sebastian-Innen.htm", "URL der textlichen Festsetzung": "http://geodaten.amberg.de/bplan/Einzeluebersicht/BL_9_St._Sebastian-Innen.htm" }, "geometry": { "type": "Point", "coordinates": [ 1320193.941755978623405, 6349399.29476275946945 ] } },
{ "type": "Feature", "properties": { "id": 17046, "old_bplan": "new_bplan", "flooding_risk": "has_flooding_risk", "ROR": "Oberpfalz-Nord", "URL des Rasterbildes": "http://geodaten.amberg.de/bplan/Einzeluebersicht/AM_121_Drillingsfeld_2.htm", "URL zur Legende": "http://geodaten.amberg.de/bplan/Einzeluebersicht/AM_121_Drillingsfeld_2.htm", "URL der textlichen Festsetzung": "http://geodaten.amberg.de/bplan/Einzeluebersicht/AM_121_Drillingsfeld_2.htm" }, "geometry": { "type": "Point", "coordinates": [ 1316734.842281534336507, 6351604.224537617526948 ] } },
{ "type": "Feature", "properties": { "id": 16458, "old_bplan": "new_bplan", "flooding_risk": "has_flooding_risk", "ROR": "Oberpfalz-Nord", "URL des Rasterbildes": "https://geodaten.landkreis-schwandorf.de/portal/apps/dashboards/1f7936924fcc4a75999bd097c816ddfa#pnr=153_017", "URL zur Legende": "https://geodaten.landkreis-schwandorf.de/portal/apps/dashboards/1f7936924fcc4a75999bd097c816ddfa#pnr=153_017", "URL der textlichen Festsetzung": "https://geodaten.landkreis-schwandorf.de/portal/apps/dashboards/1f7936924fcc4a75999bd097c816ddfa#pnr=153_017" }, "geometry": { "type": "Point", "coordinates": [ 1356429.575721827335656, 6359144.559752033092082 ] } },
{ "type": "Feature", "properties": { "id": 17046, "old_bplan": "new_bplan", "flooding_risk": "has_flooding_risk", "ROR": "Oberpfalz-Nord", "URL des Rasterbildes": "http://geodaten.amberg.de/bplan/Einzeluebersicht/AM_121_Drillingsfeld_2.htm", "URL zur Legende": "http://geodaten.amberg.de/bplan/Einzeluebersicht/AM_121_Drillingsfeld_2.htm", "URL der textlichen Festsetzung": "http://geodaten.amberg.de/bplan/Einzeluebersicht/AM_121_Drillingsfeld_2.htm" }, "geometry": { "type": "Point", "coordinates": [ 1316734.842281534336507, 6351604.224537617526948 ] } },
{ "type": "Feature", "properties": { "id": 21825, "old_bplan": "new_bplan", "flooding_risk": "has_flooding_risk", "ROR": "Regensburg", "URL des Rasterbildes": "https://wms1.riwagis.de/kelheim_lk_bp/bp-plaene/siegenburg/ortsgestaltungssatzung_siegenburg-0.tif", "URL zur Legende": "https://wms1.riwagis.de/kelheim_lk_bp/bp-dateien/siegenburg/g-ortsgestaltungssatzung_siegenburg.pdf", "URL der textlichen Festsetzung": "https://wms1.riwagis.de/kelheim_lk_bp/bp-dateien/siegenburg/ortsgestaltungssatzung_siegenburg.pdf" }, "geometry": { "type": "Point", "coordinates": [ 1319046.761862711515278, 6233397.597574966959655 ] } },
{ "type": "Feature", "properties": { "id": 21267, "old_bplan": "new_bplan", "flooding_risk": "has_flooding_risk", "ROR": "Regensburg", "URL des Rasterbildes": "https://wms1.riwagis.de/kelheim_lk_bp/bp-plaene/neustadt a.d.donau/wertstoffzentrum_neustadt-0.tif", "URL zur Legende": "https://wms1.riwagis.de/kelheim_lk_bp/bp-dateien/neustadt a.d.donau/g-wertstoffzentrum_neustadt.pdf", "URL der textlichen Festsetzung": "https://wms1.riwagis.de/kelheim_lk_bp/bp-dateien/neustadt a.d.donau/wertstoffzentrum_neustadt.pdf" }, "geometry": { "type": "Point", "coordinates": [ 1310120.112672344315797, 6243366.716847850941122 ] } },
{ "type": "Feature", "properties": { "id": 21825, "old_bplan": "new_bplan", "flooding_risk": "has_flooding_risk", "ROR": "Regensburg", "URL des Rasterbildes": "https://wms1.riwagis.de/kelheim_lk_bp/bp-plaene/siegenburg/ortsgestaltungssatzung_siegenburg-0.tif", "URL zur Legende": "https://wms1.riwagis.de/kelheim_lk_bp/bp-dateien/siegenburg/g-ortsgestaltungssatzung_siegenburg.pdf", "URL der textlichen Festsetzung": "https://wms1.riwagis.de/kelheim_lk_bp/bp-dateien/siegenburg/ortsgestaltungssatzung_siegenburg.pdf" }, "geometry": { "type": "Point", "coordinates": [ 1319046.761862711515278, 6233397.597574966959655 ] } },
{ "type": "Feature", "properties": { "id": 21291, "old_bplan": "new_bplan", "flooding_risk": "has_flooding_risk", "ROR": "Regensburg", "URL des Rasterbildes": "https://wms1.riwagis.de/kelheim_lk_bp/bp-plaene/abensberg/gillamooswiese-0.tif", "URL zur Legende": "https://wms1.riwagis.de/kelheim_lk_bp/bp-dateien/abensberg/g-gillamooswiese.pdf", "URL der textlichen Festsetzung": "https://wms1.riwagis.de/kelheim_lk_bp/bp-dateien/abensberg/gillamooswiese.pdf" }, "geometry": { "type": "Point", "coordinates": [ 1318679.00251195859164, 6242770.384943609125912 ] } },
{ "type": "Feature", "properties": { "id": 21291, "old_bplan": "new_bplan", "flooding_risk": "has_flooding_risk", "ROR": "Regensburg", "URL des Rasterbildes": "https://wms1.riwagis.de/kelheim_lk_bp/bp-plaene/abensberg/gillamooswiese-0.tif", "URL zur Legende": "https://wms1.riwagis.de/kelheim_lk_bp/bp-dateien/abensberg/g-gillamooswiese.pdf", "URL der textlichen Festsetzung": "https://wms1.riwagis.de/kelheim_lk_bp/bp-dateien/abensberg/gillamooswiese.pdf" }, "geometry": { "type": "Point", "coordinates": [ 1318679.00251195859164, 6242770.384943609125912 ] } },
{ "type": "Feature", "properties": { "id": 15107, "old_bplan": "new_bplan", "flooding_risk": "has_flooding_risk", "ROR": "Südostoberbayern", "URL des Rasterbildes": "https://wms1.riwagis.de/traunstein_lk_bp/bp-dateien/grassau/grassau, 21.aenderung bplan nr. 6 grassau-reit.pdf", "URL zur Legende": "https://wms1.riwagis.de/traunstein_lk_bp/bp-dateien/grassau/grassau, 21.aenderung bplan nr. 6 grassau-reit.pdf", "URL der textlichen Festsetzung": "https://wms1.riwagis.de/traunstein_lk_bp/bp-dateien/grassau/grassau, 21.aenderung bplan nr. 6 grassau-reit.pdf" }, "geometry": { "type": "Point", "coordinates": [ 1387759.547186515061185, 6069719.844959712587297 ] } },
{ "type": "Feature", "properties": { "id": 14007, "old_bplan": "new_bplan", "flooding_risk": "has_flooding_risk", "ROR": "Südostoberbayern", "URL des Rasterbildes": "https://wms1.riwagis.de/traunstein_lk_bp/bp-dateien/siegsdorf/siegsdorf am museum.pdf", "URL zur Legende": "https://wms1.riwagis.de/traunstein_lk_bp/bp-dateien/siegsdorf/siegsdorf am museum.pdf", "URL der textlichen Festsetzung": "https://wms1.riwagis.de/traunstein_lk_bp/bp-dateien/siegsdorf/siegsdorf am museum.pdf" }, "geometry": { "type": "Point", "coordinates": [ 1407397.485080583253875, 6077495.919847168028355 ] } },
{ "type": "Feature", "properties": { "id": 15183, "old_bplan": "new_bplan", "flooding_risk": "has_flooding_risk", "ROR": "Südostoberbayern", "URL des Rasterbildes": "https://wms1.riwagis.de/bp_nodata.html", "URL zur Legende": "https://wms1.riwagis.de/bp_nodata.html", "URL der textlichen Festsetzung": "https://wms1.riwagis.de/bp_nodata.html" }, "geometry": { "type": "Point", "coordinates": [ 1434745.553513769991696, 6063287.563353614881635 ] } },
{ "type": "Feature", "properties": { "id": 13978, "old_bplan": "new_bplan", "flooding_risk": "has_flooding_risk", "ROR": "Südostoberbayern", "URL des Rasterbildes": "https://wms1.riwagis.de/rosenheim_lk_bp/bp-plaene/prien a.chiemsee/096-000_stippelwerft behindertenparkplaetze_plan_tc.tif", "URL zur Legende": "https://wms1.riwagis.de/rosenheim_lk_bp/bp-dateien/prien a.chiemsee/096-000_stippelwerft behindertenparkplaetze_legende.pdf", "URL der textlichen Festsetzung": "https://wms1.riwagis.de/rosenheim_lk_bp/bp-dateien/prien a.chiemsee/096-000_stippelwerft behindertenparkplaetze_plan.pdf.pdf" }, "geometry": { "type": "Point", "coordinates": [ 1376497.7991490396671, 6084363.489601848646998 ] } },
{ "type": "Feature", "properties": { "id": 15175, "old_bplan": "new_bplan", "flooding_risk": "has_flooding_risk", "ROR": "Südostoberbayern", "URL des Rasterbildes": "Dieser Bebauungsplan wurde noch nicht eingescannt", "URL zur Legende": "Dieser Bebauungsplan wurde noch nicht eingescannt", "URL der textlichen Festsetzung": "Dieser Bebauungsplan wurde noch nicht eingescannt" }, "geometry": { "type": "Point", "coordinates": [ 1432872.846320783253759, 6062265.218100300990045 ] } },
{ "type": "Feature", "properties": { "id": 17447, "old_bplan": "new_bplan", "flooding_risk": "has_flooding_risk", "ROR": "Westmittelfranken", "URL des Rasterbildes": "https://wms1.riwagis.de/ansbach_lk_bp/bp-dateien/lehrberg/bplan-lehrberg-025-00-p.pdf", "URL zur Legende": "https://wms1.riwagis.de/ansbach_lk_bp/bp-dateien/lehrberg/bplan-lehrberg-025-00-l.pdf", "URL der textlichen Festsetzung": "https://wms1.riwagis.de/ansbach_lk_bp/bp-dateien/lehrberg/bplan-lehrberg-025-00-p.pdf" }, "geometry": { "type": "Point", "coordinates": [ 1168212.376542750513181, 6336501.006522779352963 ] } },
{ "type": "Feature", "properties": { "id": 19552, "old_bplan": "new_bplan", "flooding_risk": "has_flooding_risk", "ROR": "Westmittelfranken", "URL des Rasterbildes": "https://wms1.riwagis.de/ansbach_lk_bp/bp-dateien/weiltingen/bplan-weiltingen-007-00-p-woernitzhofen.pdf", "URL zur Legende": "https://wms1.riwagis.de/ansbach_lk_bp/bp-dateien/weiltingen/bplan-weiltingen-007-00-l-woernitzhofen.pdf", "URL der textlichen Festsetzung": "https://wms1.riwagis.de/ansbach_lk_bp/bp-dateien/weiltingen/bplan-weiltingen-007-00-p-woernitzhofen.pdf" }, "geometry": { "type": "Point", "coordinates": [ 1163634.152651492040604, 6282575.281347519718111 ] } },
{ "type": "Feature", "properties": { "id": 19995, "old_bplan": "new_bplan", "flooding_risk": "has_flooding_risk", "ROR": "Westmittelfranken", "URL des Rasterbildes": "https://gis-daten.treuchtlingen.de/bebauungsplan/tr_49_p.pdf", "URL zur Legende": "https://gis-daten.treuchtlingen.de/bebauungsplan/tr_49_l_t.pdf", "URL der textlichen Festsetzung": "https://gis-daten.treuchtlingen.de/bebauungsplan/tr_49_l_t.pdf" }, "geometry": { "type": "Point", "coordinates": [ 1214759.571022032992914, 6266247.317411409690976 ] } },
{ "type": "Feature", "properties": { "id": 19552, "old_bplan": "new_bplan", "flooding_risk": "has_flooding_risk", "ROR": "Westmittelfranken", "URL des Rasterbildes": "https://wms1.riwagis.de/ansbach_lk_bp/bp-dateien/weiltingen/bplan-weiltingen-007-00-p-woernitzhofen.pdf", "URL zur Legende": "https://wms1.riwagis.de/ansbach_lk_bp/bp-dateien/weiltingen/bplan-weiltingen-007-00-l-woernitzhofen.pdf", "URL der textlichen Festsetzung": "https://wms1.riwagis.de/ansbach_lk_bp/bp-dateien/weiltingen/bplan-weiltingen-007-00-p-woernitzhofen.pdf" }, "geometry": { "type": "Point", "coordinates": [ 1163634.152651492040604, 6282575.281347519718111 ] } },
{ "type": "Feature", "properties": { "id": 19579, "old_bplan": "new_bplan", "flooding_risk": "has_flooding_risk", "ROR": "Westmittelfranken", "URL des Rasterbildes": "https://wms1.riwagis.de/ansbach_lk_bp/bp-dateien/wassertruedingen/bplan-wassertruedingen-052-00-p.pdf", "URL zur Legende": "https://wms1.riwagis.de/ansbach_lk_bp/bp-dateien/wassertruedingen/bplan-wassertruedingen-052-00-l.pdf", "URL der textlichen Festsetzung": "https://wms1.riwagis.de/ansbach_lk_bp/bp-dateien/wassertruedingen/bplan-wassertruedingen-052-00-p.pdf" }, "geometry": { "type": "Point", "coordinates": [ 1179891.130794750060886, 6281144.173249620012939 ] } },
{ "type": "Feature", "properties": { "id": 3921, "old_bplan": "new_bplan", "flooding_risk": "has_flooding_risk", "ROR": "Würzburg", "URL des Rasterbildes": "http://geoinfo.landkreis-wuerzburg.de/randersacker/Obere_Hofstatt_Sued_Am_Sonnenstuhl.pdf", "URL zur Legende": "http://geoinfo.landkreis-wuerzburg.de/randersacker/Obere_Hofstatt_Sued_Am_Sonnenstuhl.pdf", "URL der textlichen Festsetzung": "http://geoinfo.landkreis-wuerzburg.de/randersacker/Obere_Hofstatt_Sued_Am_Sonnenstuhl.pdf" }, "geometry": { "type": "Point", "coordinates": [ 1111630.773640622850507, 6403388.739820002578199 ] } },
{ "type": "Feature", "properties": { "id": 3870, "old_bplan": "new_bplan", "flooding_risk": "has_flooding_risk", "ROR": "Würzburg", "URL des Rasterbildes": "https://okgis.osrz-akdb.de/msp/downloads/bplan/09677_151_020_000/Kirchplatz_Alte Mainbruecke.PII", "URL zur Legende": "https://okgis.osrz-akdb.de/msp/downloads/bplan/80a2b98f-f467-4f21-99b5-ad6746e085cd/09677_151_020_000/Festsetzungen.pdf", "URL der textlichen Festsetzung": "https://okgis.osrz-akdb.de/msp/downloads/bplan/80a2b98f-f467-4f21-99b5-ad6746e085cd/09677_151_020_000/Festsetzungen.pdf" }, "geometry": { "type": "Point", "coordinates": [ 1059606.474310718476772, 6405195.252529201097786 ] } },
{ "type": "Feature", "properties": { "id": 4425, "old_bplan": "new_bplan", "flooding_risk": "has_flooding_risk", "ROR": "Würzburg", "URL des Rasterbildes": "http://geoinfo.landkreis-wuerzburg.de/ochsenfurt/Wiesenweg.pdf", "URL zur Legende": "http://geoinfo.landkreis-wuerzburg.de/ochsenfurt/Wiesenweg.pdf", "URL der textlichen Festsetzung": "http://geoinfo.landkreis-wuerzburg.de/ochsenfurt/Wiesenweg.pdf" }, "geometry": { "type": "Point", "coordinates": [ 1116215.917747865663841, 6391701.618934769183397 ] } },
{ "type": "Feature", "properties": { "id": 3921, "old_bplan": "new_bplan", "flooding_risk": "has_flooding_risk", "ROR": "Würzburg", "URL des Rasterbildes": "http://geoinfo.landkreis-wuerzburg.de/randersacker/Obere_Hofstatt_Sued_Am_Sonnenstuhl.pdf", "URL zur Legende": "http://geoinfo.landkreis-wuerzburg.de/randersacker/Obere_Hofstatt_Sued_Am_Sonnenstuhl.pdf", "URL der textlichen Festsetzung": "http://geoinfo.landkreis-wuerzburg.de/randersacker/Obere_Hofstatt_Sued_Am_Sonnenstuhl.pdf" }, "geometry": { "type": "Point", "coordinates": [ 1111630.773640622850507, 6403388.739820002578199 ] } },
{ "type": "Feature", "properties": { "id": 4216, "old_bplan": "new_bplan", "flooding_risk": "has_flooding_risk", "ROR": "Würzburg", "URL des Rasterbildes": "http://geoinfo.landkreis-wuerzburg.de/eibelstadt/Beckenweinberg_Ae3.pdf", "URL zur Legende": "http://geoinfo.landkreis-wuerzburg.de/eibelstadt/Beckenweinberg_Ae3.pdf", "URL der textlichen Festsetzung": "http://geoinfo.landkreis-wuerzburg.de/eibelstadt/Beckenweinberg_Ae3.pdf" }, "geometry": { "type": "Point", "coordinates": [ 1113026.789179903222248, 6398373.466030722483993 ] } },
{ "type": "Feature", "properties": { "id": 15280, "old_bplan": "new_bplan", "flooding_risk": "no_flood_risk", "ROR": "Allgäu", "URL des Rasterbildes": "https://wms1.riwagis.de/ostallgaeu_lk_bp/bp-plaene/marktoberdorf/bbp_mod_4_0_plan.tif", "URL zur Legende": "https://wms1.riwagis.de/ostallgaeu_lk_bp/bp-dateien/marktoberdorf/mod_4_0_legende.pdf", "URL der textlichen Festsetzung": "https://wms1.riwagis.de/ostallgaeu_lk_bp/bp-dateien/marktoberdorf/mod_4_0_legende.pdf" }, "geometry": { "type": "Point", "coordinates": [ 1182916.01003587897867, 6069578.706991469487548 ] } },
{ "type": "Feature", "properties": { "id": 25188, "old_bplan": "new_bplan", "flooding_risk": "no_flood_risk", "ROR": "Allgäu", "URL des Rasterbildes": "https://wms1.riwagis.de/oberallgaeu_lk_bp/bp-plaene/immenstadt i.allgaeu/baugebiet_akams_plan.tif", "URL zur Legende": "https://wms1.riwagis.de/oberallgaeu_lk_bp/bp-dateien/immenstadt i.allgaeu/baugebiet_akams_legende.pdf", "URL der textlichen Festsetzung": "https://wms1.riwagis.de/oberallgaeu_lk_bp/bp-dateien/immenstadt i.allgaeu/baugebiet_akams_textteil.pdf" }, "geometry": { "type": "Point", "coordinates": [ 1137143.517851141979918, 6039542.508837905712426 ] } },
{ "type": "Feature", "properties": { "id": 25649, "old_bplan": "new_bplan", "flooding_risk": "no_flood_risk", "ROR": "Allgäu", "URL des Rasterbildes": "https://wms1.riwagis.de/oberallgaeu_lk_bp/bp-plaene/hindelang/vorderhindelang_oestlich_dorfbach_aenderung1_ortsrandsatzung_plan.tif", "URL zur Legende": "https://wms1.riwagis.de/oberallgaeu_lk_bp/bp-dateien/hindelang/vorderhindelang_oestlich_dorfbach_aenderung1_ortsrandsatzung_legende.pdf", "URL der textlichen Festsetzung": "https://wms1.riwagis.de/oberallgaeu_lk_bp/bp-dateien/hindelang/vorderhindelang_oestlich_dorfbach_aenderung1_ortsrandsatzung_plan.pdf" }, "geometry": { "type": "Point", "coordinates": [ 1152460.63283404847607, 6025159.872670215554535 ] } },
{ "type": "Feature", "properties": { "id": 12997, "old_bplan": "new_bplan", "flooding_risk": "no_flood_risk", "ROR": "Allgäu", "URL des Rasterbildes": "https://wms1.riwagis.de/ostallgaeu_lk_bp/bp-dateien/baisweil/210330 wa keltenweg plan.pdf", "URL zur Legende": "https://wms1.riwagis.de/ostallgaeu_lk_bp/bp-dateien/baisweil/210330 wa keltenweg plan.pdf", "URL der textlichen Festsetzung": "https://wms1.riwagis.de/ostallgaeu_lk_bp/bp-dateien/baisweil/210330 wa keltenweg plan.pdf" }, "geometry": { "type": "Point", "coordinates": [ 1173364.660264369565994, 6096990.410706226713955 ] } },
{ "type": "Feature", "properties": { "id": 15249, "old_bplan": "new_bplan", "flooding_risk": "no_flood_risk", "ROR": "Allgäu", "URL des Rasterbildes": "https://wms1.riwagis.de/ostallgaeu_lk_bp/bp-plaene/unterthingau/unterthingau_24_0_plan.tif", "URL zur Legende": "https://wms1.riwagis.de/ostallgaeu_lk_bp/bp-dateien/unterthingau/unterthingau_24_0_legende.pdf", "URL der textlichen Festsetzung": "https://wms1.riwagis.de/ostallgaeu_lk_bp/bp-dateien/unterthingau/unterthingau_24_0_textteil.pdf" }, "geometry": { "type": "Point", "coordinates": [ 1168710.239582841284573, 6069475.155688223429024 ] } },
{ "type": "Feature", "properties": { "id": 21158, "old_bplan": "new_bplan", "flooding_risk": "no_flood_risk", "ROR": "Augsburg", "URL des Rasterbildes": "https://wms1.riwagis.de/donauries_lk_bp/bp-plaene/huisheim/oestlich_der_kapelle_5_aenderung_und_erweiterung.tif", "URL zur Legende": "https://wms1.riwagis.de/bp_nodata.html", "URL der textlichen Festsetzung": "https://wms1.riwagis.de/bp_nodata.html" }, "geometry": { "type": "Point", "coordinates": [ 1192398.521146000828594, 6245282.506464367732406 ] } },
{ "type": "Feature", "properties": { "id": 9884, "old_bplan": "new_bplan", "flooding_risk": "no_flood_risk", "ROR": "Augsburg", "URL des Rasterbildes": "https://gdiserv.bayern.de/bauleitplanung/", "URL zur Legende": "https://okgis.osrz-akdb.de/abg/downloads/bplan/09772_179_012_000/Dorfgebiet Mittelneufnach Süd-Text.pdf", "URL der textlichen Festsetzung": "https://okgis.osrz-akdb.de/abg/downloads/bplan/bb21349e-5e26-46c9-9701-31a484eea9e5/09772_179_012_000/Dorfgebiet Mittelneufnach Süd-Text.pdf" }, "geometry": { "type": "Point", "coordinates": [ 1179511.090390798868611, 6135245.559651017189026 ] } },
{ "type": "Feature", "properties": { "id": 21145, "old_bplan": "new_bplan", "flooding_risk": "no_flood_risk", "ROR": "Augsburg", "URL des Rasterbildes": "https://wms1.riwagis.de/donauries_lk_bp/bp-plaene/alerheim/heideweg.tif", "URL zur Legende": "https://wms1.riwagis.de/donauries_lk_bp/bp-dateien/alerheim/legende_heideweg.pdf", "URL der textlichen Festsetzung": "https://wms1.riwagis.de/bp_nodata.html" }, "geometry": { "type": "Point", "coordinates": [ 1181962.439369235187769, 6249494.898957662284374 ] } },
{ "type": "Feature", "properties": { "id": 22542, "old_bplan": "new_bplan", "flooding_risk": "no_flood_risk", "ROR": "Augsburg", "URL des Rasterbildes": "https://wms1.riwagis.de/donauries_lk_bp/bp-plaene/rain/burggasse.tif", "URL zur Legende": "https://wms1.riwagis.de/donauries_lk_bp/bp-dateien/rain/legende_burggasse.pdf", "URL der textlichen Festsetzung": "https://wms1.riwagis.de/bp_nodata.html" }, "geometry": { "type": "Point", "coordinates": [ 1215496.267883099149913, 6222397.191518411040306 ] } },
{ "type": "Feature", "properties": { "id": 7642, "old_bplan": "new_bplan", "flooding_risk": "no_flood_risk", "ROR": "Augsburg", "URL des Rasterbildes": "https://wms1.riwagis.de/friedberg_gd_bp/bp-plaene/friedberg/friedberg_51v_plan.tif", "URL zur Legende": "https://wms1.riwagis.de/friedberg_gd_bp/bp-dateien/friedberg/friedberg_51_0_v_legende.pdf", "URL der textlichen Festsetzung": "https://wms1.riwagis.de/friedberg_gd_bp/bp-dateien/friedberg/friedberg_51_0_v_systemschnitte.pdf" }, "geometry": { "type": "Point", "coordinates": [ 1222617.610803758259863, 6164500.019911383278668 ] } },
{ "type": "Feature", "properties": { "id": 1143, "old_bplan": "new_bplan", "flooding_risk": "no_flood_risk", "ROR": "Bayerischer Untermain", "URL des Rasterbildes": "http://bplan.laufach.de/zwischen_Aschaffenburger_Strasse_und_Berliner_Strasse/Rechtsplan.pdf", "URL zur Legende": "http://bplan.laufach.de/zwischen_Aschaffenburger_Strasse_und_Berliner_Strasse/Festsetzungen.pdf", "URL der textlichen Festsetzung": "http://bplan.laufach.de/zwischen_Aschaffenburger_Strasse_und_Berliner_Strasse/Festsetzungen.pdf" }, "geometry": { "type": "Point", "coordinates": [ 1031219.815458437544294, 6447607.861318398267031 ] } },
{ "type": "Feature", "properties": { "id": 3137, "old_bplan": "new_bplan", "flooding_risk": "no_flood_risk", "ROR": "Bayerischer Untermain", "URL des Rasterbildes": "https://wms1.riwagis.de/miltenberg_lk_bp/bp-plaene/obernburg a.main/auffahrt_nord_b469.tif", "URL zur Legende": "https://wms1.riwagis.de/miltenberg_lk_bp/bp-dateien/obernburg a.main/auffahrt_nord_b469_rechtsplan.pdf", "URL der textlichen Festsetzung": "https://wms1.riwagis.de/miltenberg_lk_bp/bp-dateien/obernburg a.main/auffahrt_nord_b469_festsetzungen.pdf" }, "geometry": { "type": "Point", "coordinates": [ 1018649.655673105735332, 6419728.842038452625275 ] } },
{ "type": "Feature", "properties": { "id": 1168, "old_bplan": "new_bplan", "flooding_risk": "no_flood_risk", "ROR": "Bayerischer Untermain", "URL des Rasterbildes": "http://www.sailauf.de/export/download.php?id=1049", "URL zur Legende": "http://www.sailauf.de/export/download.php?id=1049", "URL der textlichen Festsetzung": "http://www.sailauf.de/export/download.php?id=1589" }, "geometry": { "type": "Point", "coordinates": [ 1030713.420146048185416, 6450025.182337916456163 ] } },
{ "type": "Feature", "properties": { "id": 3529, "old_bplan": "new_bplan", "flooding_risk": "no_flood_risk", "ROR": "Bayerischer Untermain", "URL des Rasterbildes": "https://gis.kreis-mil.de/bpl/Moenchberg/Photovoltaik_Moenchberg/Rechtsplan.pdf", "URL zur Legende": "https://gis.kreis-mil.de/bpl/Moenchberg/Photovoltaik_Moenchberg/Festsetzungen.pdf", "URL der textlichen Festsetzung": "https://gis.kreis-mil.de/bpl/Moenchberg/Photovoltaik_Moenchberg/Festsetzungen.pdf" }, "geometry": { "type": "Point", "coordinates": [ 1029007.825487466412596, 6410919.800971927121282 ] } },
{ "type": "Feature", "properties": { "id": 1663, "old_bplan": "new_bplan", "flooding_risk": "no_flood_risk", "ROR": "Bayerischer Untermain", "URL des Rasterbildes": "https://www.stockstadt-am-main.de/eigene_dateien/2011/bebauungsplaene/2017-02-22_legende_bp_stand_30-03-16_ge_sued.pdf", "URL zur Legende": "https://www.stockstadt-am-main.de/eigene_dateien/2011/bebauungsplaene/gewerbegebiet_sued_-_gruenordnungsplan.pdf", "URL der textlichen Festsetzung": "https://www.stockstadt-am-main.de/eigene_dateien/2011/bebauungsplaene/2017-02-22_legende_bp_stand_30-03-16_ge_sued.pdf" }, "geometry": { "type": "Point", "coordinates": [ 1010334.785587808932178, 6439001.18249520752579 ] } },
{ "type": "Feature", "properties": { "id": 12041, "old_bplan": "new_bplan", "flooding_risk": "no_flood_risk", "ROR": "Donau-Iller (BY)", "URL des Rasterbildes": "https://wms1.riwagis.de/unterallgaeu_lk_bp/bp-dateien/bad woerishofen/bplan-badwoerishofen-083-000-000.pdf", "URL zur Legende": "https://wms1.riwagis.de/unterallgaeu_lk_bp/bp-dateien/bad woerishofen/bplan-badwoerishofen-083-000-001.pdf", "URL der textlichen Festsetzung": "https://wms1.riwagis.de/unterallgaeu_lk_bp/bp-dateien/bad woerishofen/bplan-badwoerishofen-083-000-002.pdf" }, "geometry": { "type": "Point", "coordinates": [ 1177136.504693316062912, 6113457.40148161072284 ] } },
{ "type": "Feature", "properties": { "id": 12045, "old_bplan": "new_bplan", "flooding_risk": "no_flood_risk", "ROR": "Donau-Iller (BY)", "URL des Rasterbildes": "https://wms1.riwagis.de/unterallgaeu_lk_bp/bp-dateien/bad woerishofen/bplan-badwoerishofen-013-001-000.pdf", "URL zur Legende": "https://wms1.riwagis.de/unterallgaeu_lk_bp/bp-dateien/bad woerishofen/bplan-badwoerishofen-013-001-001.pdf", "URL der textlichen Festsetzung": "https://wms1.riwagis.de/unterallgaeu_lk_bp/bp-dateien/bad woerishofen/bplan-badwoerishofen-013-001-000.pdf" }, "geometry": { "type": "Point", "coordinates": [ 1179349.821684603113681, 6106745.30930813960731 ] } },
{ "type": "Feature", "properties": { "id": 12528, "old_bplan": "new_bplan", "flooding_risk": "no_flood_risk", "ROR": "Donau-Iller (BY)", "URL des Rasterbildes": "https://wms1.riwagis.de/unterallgaeu_lk_bp/bp-plaene/memmingerberg/bplan-memmingerberg-020-000-000.png", "URL zur Legende": "https://wms1.riwagis.de/unterallgaeu_lk_bp/bp-dateien/memmingerberg/bplan-memmingerberg-020-000-000.pdf", "URL der textlichen Festsetzung": "https://wms1.riwagis.de/unterallgaeu_lk_bp/bp-dateien/memmingerberg/bplan-memmingerberg-020-000-000.pdf" }, "geometry": { "type": "Point", "coordinates": [ 1139052.617249969625846, 6105437.508830956183374 ] } },
{ "type": "Feature", "properties": { "id": 10435, "old_bplan": "new_bplan", "flooding_risk": "no_flood_risk", "ROR": "Donau-Iller (BY)", "URL des Rasterbildes": "https://wms1.riwagis.de/unterallgaeu_lk_bp/bp-plaene/kirchhaslach/bplan-kirchhaslach-022-000-000.png", "URL zur Legende": "https://wms1.riwagis.de/unterallgaeu_lk_bp/bp-dateien/kirchhaslach/bplan-kirchhaslach-022-000-001.pdf", "URL der textlichen Festsetzung": "https://wms1.riwagis.de/unterallgaeu_lk_bp/bp-dateien/kirchhaslach/bplan-kirchhaslach-022-000-000.pdf" }, "geometry": { "type": "Point", "coordinates": [ 1150354.14428320992738, 6133265.360942486673594 ] } },
{ "type": "Feature", "properties": { "id": 6140, "old_bplan": "new_bplan", "flooding_risk": "no_flood_risk", "ROR": "Donau-Iller (BY)", "URL des Rasterbildes": "https://wms1.riwagis.de/guenzburg_lk_bp_p001/bp-plaene/leipheim/155-7104-001-00-plan.tif", "URL zur Legende": "https://wms1.riwagis.de/guenzburg_lk_bp_p001/bp-dateien/leipheim/155-7104-001-00-plan.pdf", "URL der textlichen Festsetzung": "https://wms1.riwagis.de/guenzburg_lk_bp_p001/bp-dateien/leipheim/155-7104-001-00-plan.pdf" }, "geometry": { "type": "Point", "coordinates": [ 1134403.913076082244515, 6184435.551569340750575 ] } },
{ "type": "Feature", "properties": { "id": 24053, "old_bplan": "new_bplan", "flooding_risk": "no_flood_risk", "ROR": "Donau-Wald", "URL des Rasterbildes": "https://stadtplan.passau.de/fachschalen/BBP/6354_41A_3_AE_Wohnen_Kohlbruck_I.pdf", "URL zur Legende": "https://stadtplan.passau.de/fachschalen/BBP/6354_41A_3_AE_Wohnen_Kohlbruck_I.pdf", "URL der textlichen Festsetzung": "https://stadtplan.passau.de/fachschalen/BBP/6354_41A_3_AE_Wohnen_Kohlbruck_I.pdf" }, "geometry": { "type": "Point", "coordinates": [ 1492742.690643756184727, 6202019.476080652326345 ] } },
{ "type": "Feature", "properties": { "id": 20206, "old_bplan": "new_bplan", "flooding_risk": "no_flood_risk", "ROR": "Donau-Wald", "URL des Rasterbildes": "https://service.landkreis-regen.de/bau/Kirchberg/58_GE_Hackenfeld_Erweiterung_Sued/BPlan-GE-Hackenfeld-Erweiterung-Sued-058-000-000.pdf", "URL zur Legende": "https://service.landkreis-regen.de/bau/Kirchberg/58_GE_Hackenfeld_Erweiterung_Sued/BPlan-GE-Hackenfeld-Erweiterung-Sued-058-000-001.pdf", "URL der textlichen Festsetzung": "https://service.landkreis-regen.de/bau/Kirchberg/58_GE_Hackenfeld_Erweiterung_Sued/BPlan-GE-Hackenfeld-Erweiterung-Sued-058-000-002.pdf" }, "geometry": { "type": "Point", "coordinates": [ 1468343.216885272646323, 6257680.900305828079581 ] } },
{ "type": "Feature", "properties": { "id": 23556, "old_bplan": "new_bplan", "flooding_risk": "no_flood_risk", "ROR": "Donau-Wald", "URL des Rasterbildes": "https://wms1.riwagis.de/bp_nodata.html", "URL zur Legende": "https://wms1.riwagis.de/bp_nodata.html", "URL der textlichen Festsetzung": "https://wms1.riwagis.de/bp_nodata.html" }, "geometry": { "type": "Point", "coordinates": [ 1507386.28649703040719, 6207054.530612083151937 ] } },
{ "type": "Feature", "properties": { "id": 19741, "old_bplan": "new_bplan", "flooding_risk": "no_flood_risk", "ROR": "Donau-Wald", "URL des Rasterbildes": "https://service.landkreis-regen.de/bau/Regen/127_SO_Solarpark_March/BPlan-SO-Solarpark-March-127-000-000.pdf", "URL zur Legende": "https://service.landkreis-regen.de/bau/Regen/127_SO_Solarpark_March/BPlan-SO-Solarpark-March-127-000-001.pdf", "URL der textlichen Festsetzung": "https://service.landkreis-regen.de/bau/Regen/127_SO_Solarpark_March/BPlan-SO-Solarpark-March-127-000-002.pdf" }, "geometry": { "type": "Point", "coordinates": [ 1454928.962460173759609, 6271747.509603106416762 ] } },
{ "type": "Feature", "properties": { "id": 6083, "old_bplan": "new_bplan", "flooding_risk": "no_flood_risk", "ROR": "Donau-Wald", "URL des Rasterbildes": "https://wms1.riwagis.de/passau_lk_bp/bp-dateien/pocking/plan_mu_passauer_strasse-000_mu_passauer_strasse.pdf", "URL zur Legende": "https://wms1.riwagis.de/passau_lk_bp/bp-dateien/pocking/plan_mu_passauer_strasse-000_mu_passauer_strasse.pdf", "URL der textlichen Festsetzung": "https://wms1.riwagis.de/passau_lk_bp/bp-dateien/pocking/plan_mu_passauer_strasse-000_mu_passauer_strasse.pdf" }, "geometry": { "type": "Point", "coordinates": [ 1483180.503992830403149, 6174937.649666082113981 ] } },
{ "type": "Feature", "properties": { "id": 16185, "old_bplan": "new_bplan", "flooding_risk": "no_flood_risk", "ROR": "Industrieregion Mittelfranken", "URL des Rasterbildes": "https://erlangen.de/uwao-api/faila/files/bypath/Dokumente/Maps/Bplan/30.pdf", "URL zur Legende": "https://erlangen.de/uwao-api/faila/files/bypath/Dokumente/Maps/Bplan/30.pdf", "URL der textlichen Festsetzung": "https://erlangen.de/uwao-api/faila/files/bypath/Dokumente/Maps/Bplan/30.pdf" }, "geometry": { "type": "Point", "coordinates": [ 1226945.284910547547042, 6378381.711137717589736 ] } },
{ "type": "Feature", "properties": { "id": 17241, "old_bplan": "new_bplan", "flooding_risk": "no_flood_risk", "ROR": "Industrieregion Mittelfranken", "URL des Rasterbildes": "https://wms1.riwagis.de/fuerth_lk_bp/bp-plaene/rosstal/bp32_weitersdorf_west_mit_aenderung.tif", "URL zur Legende": "https://wms1.riwagis.de/fuerth_lk_bp/bp-dateien/rosstal/bp32_weitersdorf_west_mit_aenderung.pdf", "URL der textlichen Festsetzung": "https://wms1.riwagis.de/fuerth_lk_bp/bp-dateien/rosstal/bp32_weitersdorf_west_mit_aenderung.pdf" }, "geometry": { "type": "Point", "coordinates": [ 1213747.459693759214133, 6343534.358463691547513 ] } },
{ "type": "Feature", "properties": { "id": 16542, "old_bplan": "new_bplan", "flooding_risk": "no_flood_risk", "ROR": "Industrieregion Mittelfranken", "URL des Rasterbildes": "https://wms1.riwagis.de/fuerth_lk_bp/bp-plaene/langenzenn/bp21_lohe_im_gruendl.tif", "URL zur Legende": "https://wms1.riwagis.de/fuerth_lk_bp/bp-dateien/langenzenn/bp21_lohe_im_gruendl.pdf", "URL der textlichen Festsetzung": "https://wms1.riwagis.de/fuerth_lk_bp/bp-dateien/langenzenn/bp21_lohe_im_gruendl.pdf" }, "geometry": { "type": "Point", "coordinates": [ 1197869.729899461613968, 6358452.427287896163762 ] } },
{ "type": "Feature", "properties": { "id": 16924, "old_bplan": "new_bplan", "flooding_risk": "no_flood_risk", "ROR": "Industrieregion Mittelfranken", "URL des Rasterbildes": "https://wms1.riwagis.de/fuerth_lk_bp/bp-plaene/cadolzburg/bp_wachendorf_am_steinbruch.tif", "URL zur Legende": "https://wms1.riwagis.de/fuerth_lk_bp/bp-dateien/cadolzburg/bp_wachendorf_am_steinbruch.pdf", "URL der textlichen Festsetzung": "https://wms1.riwagis.de/fuerth_lk_bp/bp-dateien/cadolzburg/bp_wachendorf_am_steinbruch.pdf" }, "geometry": { "type": "Point", "coordinates": [ 1211859.139055759413168, 6352937.509127582423389 ] } },
{ "type": "Feature", "properties": { "id": 17291, "old_bplan": "new_bplan", "flooding_risk": "no_flood_risk", "ROR": "Industrieregion Mittelfranken", "URL des Rasterbildes": "https://wms1.riwagis.de/fuerth_lk_bp/bp-plaene/stein/bp40b_am_fasanenring_mit_aenderungen.tif", "URL zur Legende": "https://wms1.riwagis.de/fuerth_lk_bp/bp-dateien/stein/bp40b_am_fasanenring_mit_aenderungen.pdf", "URL der textlichen Festsetzung": "https://wms1.riwagis.de/fuerth_lk_bp/bp-dateien/stein/bp40b_am_fasanenring_mit_aenderungen.pdf" }, "geometry": { "type": "Point", "coordinates": [ 1223018.478523276979104, 6344336.849223289638758 ] } },
{ "type": "Feature", "properties": { "id": 24679, "old_bplan": "new_bplan", "flooding_risk": "no_flood_risk", "ROR": "Ingolstadt", "URL des Rasterbildes": "https://www.schweitenkirchen.de/fileadmin/Gemeinde/Dateien/Bauleitplanung/Aktuelle_Bauleitplanung/Preinersdorf/53_PREINERSDORF-SONNA__CKER.pdf", "URL zur Legende": "Dieser Bebauungsplan wurde noch nicht eingescannt", "URL der textlichen Festsetzung": "Dieser Bebauungsplan wurde noch nicht eingescannt" }, "geometry": { "type": "Point", "coordinates": [ 1294240.60164533299394, 6191585.855256417766213 ] } },
{ "type": "Feature", "properties": { "id": 5685, "old_bplan": "new_bplan", "flooding_risk": "no_flood_risk", "ROR": "Ingolstadt", "URL des Rasterbildes": "https://www.vg-ilmmuenster.de/b-006-bebauungsplan-nr.-6-ortskern-bereich-iv-alte-muehle-plan", "URL zur Legende": "Dieser Bebauungsplan wurde noch nicht eingescannt", "URL der textlichen Festsetzung": "Dieser Bebauungsplan wurde noch nicht eingescannt" }, "geometry": { "type": "Point", "coordinates": [ 1280535.594840254867449, 6188617.82887997943908 ] } },
{ "type": "Feature", "properties": { "id": 4935, "old_bplan": "new_bplan", "flooding_risk": "no_flood_risk", "ROR": "Ingolstadt", "URL des Rasterbildes": "http://www.scheyern.de/export/download.php?id=1961", "URL zur Legende": "Dieser Bebauungsplan wurde noch nicht eingescannt", "URL der textlichen Festsetzung": "Dieser Bebauungsplan wurde noch nicht eingescannt" }, "geometry": { "type": "Point", "coordinates": [ 1273104.307610641699284, 6193013.666512235999107 ] } },
{ "type": "Feature", "properties": { "id": 23736, "old_bplan": "new_bplan", "flooding_risk": "no_flood_risk", "ROR": "Ingolstadt", "URL des Rasterbildes": "https://www.rohrbach-ilm.de/wp-content/uploads/2022/04/BPL-GE-Rohrbach-Ost_Bebauungsplan-ausgefertigte-Planzeichnung-rechtskraeftige-Fassung.pdf", "URL zur Legende": "https://www.rohrbach-ilm.de/wp-content/uploads/2022/05/BPL-GE-Rohrbach-Ost_zusammenfassende-Erklaerung-ausgefertigte-rechtskraeftige-Fassung2.pdf", "URL der textlichen Festsetzung": "https://www.rohrbach-ilm.de/wp-content/uploads/2022/04/BPL-GE-Rohrbach-Ost_Begruendung-rechtskraeftige-Fassung.pdf" }, "geometry": { "type": "Point", "coordinates": [ 1289141.146388915367424, 6208397.575106414966285 ] } },
{ "type": "Feature", "properties": { "id": 24282, "old_bplan": "new_bplan", "flooding_risk": "no_flood_risk", "ROR": "Ingolstadt", "URL des Rasterbildes": "http://files.stadt-pfaffenhofen.de/bebauungsplaene/B182/B182_0.pdf", "URL zur Legende": "Dieser Bebauungsplan wurde noch nicht eingescannt", "URL der textlichen Festsetzung": "http://files.stadt-pfaffenhofen.de/bebauungsplaene/B182" }, "geometry": { "type": "Point", "coordinates": [ 1272837.762161115184426, 6201138.236671726219356 ] } },
{ "type": "Feature", "properties": { "id": 6022, "old_bplan": "new_bplan", "flooding_risk": "no_flood_risk", "ROR": "Landshut", "URL des Rasterbildes": "https://wms1.riwagis.de/rottal_lk_bp/bp-plaene/bayerbach/1._aenderung_bayerbach_ost_schulstrasse.tif", "URL zur Legende": "https://wms1.riwagis.de/rottal_lk_bp/bp-dateien/bayerbach/1.+aenderung+der+oas+bayerbach+ost+-+schulstrasse+-+satzung+mit+begruendung+lageplan+und+bekanntmachung+ausgefertigt.pdf", "URL der textlichen Festsetzung": "https://wms1.riwagis.de/rottal_lk_bp/bp-dateien/bayerbach/1.+aenderung+der+oas+bayerbach+ost+-+schulstrasse+-+satzung+mit+begruendung+lageplan+und+bekanntmachung+ausgefertigt.pdf" }, "geometry": { "type": "Point", "coordinates": [ 1463915.531806060345843, 6175140.420536754652858 ] } },
{ "type": "Feature", "properties": { "id": 5855, "old_bplan": "new_bplan", "flooding_risk": "no_flood_risk", "ROR": "Landshut", "URL des Rasterbildes": "http://www.landkreis-landshut.de/Bebauungsplaene/Vilsbiburg/An_der_Schlossstrasse/An_der_Schlossstrasse/Plan.pdf", "URL zur Legende": "http://www.landkreis-landshut.de/Bebauungsplaene/Vilsbiburg/An_der_Schlossstrasse/An_der_Schlossstrasse/Legende.pdf", "URL der textlichen Festsetzung": "http://www.landkreis-landshut.de/Bebauungsplaene/Vilsbiburg/An_der_Schlossstrasse/An_der_Schlossstrasse/Text.pdf" }, "geometry": { "type": "Point", "coordinates": [ 1370074.075903705554083, 6178698.408052425831556 ] } },
{ "type": "Feature", "properties": { "id": 8048, "old_bplan": "new_bplan", "flooding_risk": "no_flood_risk", "ROR": "Landshut", "URL des Rasterbildes": "https://wms1.riwagis.de/rottal_lk_bp/bp-plaene/tann/erweiterung feldsiedlung bebauungsplan.tif", "URL zur Legende": "https://wms1.riwagis.de/rottal_lk_bp/bp-dateien/tann/erweiterung feldsiedlung bebauungsplan.pdf", "URL der textlichen Festsetzung": "https://wms1.riwagis.de/rottal_lk_bp/bp-dateien/tann/erweiterung feldsiedlung textliche festsetzungen.pdf" }, "geometry": { "type": "Point", "coordinates": [ 1434100.691297699697316, 6159397.578685880638659 ] } },
{ "type": "Feature", "properties": { "id": 22878, "old_bplan": "new_bplan", "flooding_risk": "no_flood_risk", "ROR": "Landshut", "URL des Rasterbildes": "https://wms1.riwagis.de/landau_gd_bp/bp-dateien/landau/048-000-00-00_zanklau.pdf", "URL zur Legende": "https://wms1.riwagis.de/landau_gd_bp/bp-dateien/landau/048-000-00-00_zanklau.pdf", "URL der textlichen Festsetzung": "https://wms1.riwagis.de/landau_gd_bp/bp-dateien/landau/048-000-01-00_zanklau.pdf" }, "geometry": { "type": "Point", "coordinates": [ 1411796.540723273763433, 6218607.627283892594278 ] } },
{ "type": "Feature", "properties": { "id": 24505, "old_bplan": "new_bplan", "flooding_risk": "no_flood_risk", "ROR": "Landshut", "URL des Rasterbildes": "https://wms1.riwagis.de/rottal_lk_bp/bp-plaene/malgersdorf/bpl-klingenberg-malgersdorf.tif", "URL zur Legende": "https://wms1.riwagis.de/rottal_lk_bp/bp-dateien/malgersdorf/bpl-klingenberg-malgersdorf.pdf", "URL der textlichen Festsetzung": "https://wms1.riwagis.de/rottal_lk_bp/bp-dateien/malgersdorf/bpl-klingenberg-malgersdorf.pdf" }, "geometry": { "type": "Point", "coordinates": [ 1418799.418409041827545, 6196256.363676611334085 ] } },
{ "type": "Feature", "properties": { "id": 2543, "old_bplan": "new_bplan", "flooding_risk": "no_flood_risk", "ROR": "Main-Rhön", "URL des Rasterbildes": "https://geodaten.hassberge.de/bayernatlas/bplan/oberaurach/baustoffaufbereitung_markert.pdf", "URL zur Legende": "https://geodaten.hassberge.de/bayernatlas/bplan/oberaurach/baustoffaufbereitung_markert.pdf", "URL der textlichen Festsetzung": "https://geodaten.hassberge.de/bayernatlas/bplan/oberaurach/baustoffaufbereitung_markert.pdf" }, "geometry": { "type": "Point", "coordinates": [ 1185365.541133923456073, 6432874.690466690808535 ] } },
{ "type": "Feature", "properties": { "id": 26587, "old_bplan": "new_bplan", "flooding_risk": "no_flood_risk", "ROR": "Main-Rhön", "URL des Rasterbildes": "https://wms1.riwagis.de/maroldsweisach_gd_bp/bp-plaene/maroldsweisach/a01 gewerbegebiet allertshausen.tif", "URL zur Legende": "https://wms1.riwagis.de/bp_nodata.html", "URL der textlichen Festsetzung": "https://wms1.riwagis.de/bp_nodata.html" }, "geometry": { "type": "Point", "coordinates": [ 1187562.710441692499444, 6482058.507121782749891 ] } },
{ "type": "Feature", "properties": { "id": 26807, "old_bplan": "new_bplan", "flooding_risk": "no_flood_risk", "ROR": "Main-Rhön", "URL des Rasterbildes": "https://www.oerlenbach.de/home/bauen/bebauungsplne/m_31469", "URL zur Legende": "https://www.oerlenbach.de/home/bauen/bebauungsplne/m_31469", "URL der textlichen Festsetzung": "https://www.oerlenbach.de/home/bauen/bebauungsplne/m_31469" }, "geometry": { "type": "Point", "coordinates": [ 1127372.550917685497552, 6472866.03406360372901 ] } },
{ "type": "Feature", "properties": { "id": 26583, "old_bplan": "new_bplan", "flooding_risk": "no_flood_risk", "ROR": "Main-Rhön", "URL des Rasterbildes": "https://wms1.riwagis.de/maroldsweisach_gd_bp/bp-plaene/maroldsweisach/m01 zeilbergsiedlung.tif", "URL zur Legende": "https://wms1.riwagis.de/bp_nodata.html", "URL der textlichen Festsetzung": "https://wms1.riwagis.de/bp_nodata.html" }, "geometry": { "type": "Point", "coordinates": [ 1187123.197529052849859, 6480138.026786117814481 ] } },
{ "type": "Feature", "properties": { "id": 25772, "old_bplan": "new_bplan", "flooding_risk": "no_flood_risk", "ROR": "Main-Rhön", "URL des Rasterbildes": "https://wms1.riwagis.de/ostheim_vg_bp/bp-plaene/ostheim v.d.rhoen/ostheim_sanierungssatzung.tif", "URL zur Legende": "https://wms1.riwagis.de/ostheim_vg_bp/bp-dateien/ostheim v.d.rhoen/ostheim_gestaltungssatzung_textteil.pdf", "URL der textlichen Festsetzung": "https://wms1.riwagis.de/ostheim_vg_bp/bp-dateien/ostheim v.d.rhoen/ostheim_gestaltungssatzung_textteil.pdf" }, "geometry": { "type": "Point", "coordinates": [ 1139106.58134448598139, 6525656.02173100784421 ] } },
{ "type": "Feature", "properties": { "id": 10113, "old_bplan": "new_bplan", "flooding_risk": "no_flood_risk", "ROR": "München", "URL des Rasterbildes": "https://wms1.riwagis.de/muenchen_lk_bp/bp-dateien/feldkirchen/plan_0017-61-bl.pdf", "URL zur Legende": "https://wms1.riwagis.de/muenchen_lk_bp/bp-dateien/feldkirchen/plan_0017-61-bl.pdf", "URL der textlichen Festsetzung": "https://wms1.riwagis.de/muenchen_lk_bp/bp-dateien/feldkirchen/plan_0017-61-bl.pdf" }, "geometry": { "type": "Point", "coordinates": [ 1305925.208058141404763, 6132028.2287029158324 ] } },
{ "type": "Feature", "properties": { "id": 11613, "old_bplan": "new_bplan", "flooding_risk": "no_flood_risk", "ROR": "München", "URL des Rasterbildes": "https://wms1.riwagis.de/ebersberg_lk_bp/bp-plaene/oberpframmern/33_siegertsbrunner_str_g_c.tif", "URL zur Legende": "https://wms1.riwagis.de/ebersberg_lk_bp/bp-dateien/oberpframmern/33_siegertsbrunner_str_beg.pdf", "URL der textlichen Festsetzung": "https://wms1.riwagis.de/ebersberg_lk_bp/bp-dateien/oberpframmern/33_siegertsbrunner_str_beg.pdf" }, "geometry": { "type": "Point", "coordinates": [ 1313876.586195161566138, 6110298.027818367816508 ] } },
{ "type": "Feature", "properties": { "id": 7779, "old_bplan": "new_bplan", "flooding_risk": "no_flood_risk", "ROR": "München", "URL des Rasterbildes": "http://gis.landratsamt-dachau.de/data/Bebauungsplaene/Gde_Altomuenster/Plandarstellung_zu_B_Plan_Plixenried_Nr_2_Westlich_Langengern.pdf", "URL zur Legende": "http://gis.landratsamt-dachau.de/data/Bebauungsplaene/Gde_Altomuenster/Festsetzungen_zu_B_Plan_Plixenried_Nr_2_Westlich_Langengern.pdf", "URL der textlichen Festsetzung": "http://gis.landratsamt-dachau.de/data/Bebauungsplaene/Gde_Altomuenster/Festsetzungen_zu_B_Plan_Plixenried_Nr_2_Westlich_Langengern.pdf" }, "geometry": { "type": "Point", "coordinates": [ 1250250.466346750734374, 6165871.127218444831669 ] } },
{ "type": "Feature", "properties": { "id": 10993, "old_bplan": "new_bplan", "flooding_risk": "no_flood_risk", "ROR": "München", "URL des Rasterbildes": "https://wms1.riwagis.de/muenchen_lk_bp/bp-dateien/hohenbrunn/az_7.1.1-0129_26_bl_plan.pdf", "URL zur Legende": "https://wms1.riwagis.de/bp_nodata.html", "URL der textlichen Festsetzung": "https://wms1.riwagis.de/bp_nodata.html" }, "geometry": { "type": "Point", "coordinates": [ 1300720.250455431872979, 6117174.655827864073217 ] } },
{ "type": "Feature", "properties": { "id": 24408, "old_bplan": "new_bplan", "flooding_risk": "no_flood_risk", "ROR": "München", "URL des Rasterbildes": "https://karten.kreis-freising.de/daten/BP/Rudelzhausen/Rud-B-0055-B.pdf", "URL zur Legende": "https://karten.kreis-freising.de/daten/BP/Rudelzhausen/Rud-B-0055-B.pdf", "URL der textlichen Festsetzung": "https://karten.kreis-freising.de/daten/BP/Rudelzhausen/Rud-B-0055-B.pdf" }, "geometry": { "type": "Point", "coordinates": [ 1320703.579894362017512, 6204384.467159628868103 ] } },
{ "type": "Feature", "properties": { "id": 2699, "old_bplan": "new_bplan", "flooding_risk": "no_flood_risk", "ROR": "Oberfranken-Ost", "URL des Rasterbildes": "http://egov.landkreis-bayreuth.de/Externes/Bebauungsplaene/BPlan-Creussen-049-000-000.pdf", "URL zur Legende": "http://egov.landkreis-bayreuth.de/Externes/Bebauungsplaene/BPlan-Creussen-049-000-001.pdf", "URL der textlichen Festsetzung": "http://egov.landkreis-bayreuth.de/Externes/Bebauungsplaene/BPlan-Creussen-049-000-002.pdf" }, "geometry": { "type": "Point", "coordinates": [ 1292245.293008105363697, 6426401.830691637471318 ] } },
{ "type": "Feature", "properties": { "id": 3032, "old_bplan": "new_bplan", "flooding_risk": "no_flood_risk", "ROR": "Oberfranken-Ost", "URL des Rasterbildes": "http://egov.landkreis-bayreuth.de/Externes/Bebauungsplaene/BPlan-Creussen-038-002-000.pdf", "URL zur Legende": "http://egov.landkreis-bayreuth.de/Externes/Bebauungsplaene/BPlan-Creussen-038-002-001.pdf", "URL der textlichen Festsetzung": "http://egov.landkreis-bayreuth.de/Externes/Bebauungsplaene/BPlan-Creussen-038-002-002.pdf" }, "geometry": { "type": "Point", "coordinates": [ 1285255.34539782605134, 6420108.894789546728134 ] } },
{ "type": "Feature", "properties": { "id": 3026, "old_bplan": "new_bplan", "flooding_risk": "no_flood_risk", "ROR": "Oberfranken-Ost", "URL des Rasterbildes": "http://egov.landkreis-bayreuth.de/Externes/Bebauungsplaene/BPlan-Waischenfeld-032-000-000.pdf", "URL zur Legende": "http://egov.landkreis-bayreuth.de/Externes/Bebauungsplaene/BPlan-Waischenfeld-032-000-001.pdf", "URL der textlichen Festsetzung": "http://egov.landkreis-bayreuth.de/Externes/Bebauungsplaene/BPlan-Waischenfeld-032-000-002.pdf" }, "geometry": { "type": "Point", "coordinates": [ 1264977.699942686827853, 6423963.357529561035335 ] } },
{ "type": "Feature", "properties": { "id": 3076, "old_bplan": "new_bplan", "flooding_risk": "no_flood_risk", "ROR": "Oberfranken-Ost", "URL des Rasterbildes": "http://egov.landkreis-bayreuth.de/Externes/Bebauungsplaene/BPlan-Speichersdorf-054-000-000.pdf", "URL zur Legende": "http://egov.landkreis-bayreuth.de/Externes/Bebauungsplaene/BPlan-Speichersdorf-054-000-001.pdf", "URL der textlichen Festsetzung": "http://egov.landkreis-bayreuth.de/Externes/Bebauungsplaene/BPlan-Speichersdorf-054-000-002.pdf" }, "geometry": { "type": "Point", "coordinates": [ 1312501.669557287357748, 6424881.026106772013009 ] } },
{ "type": "Feature", "properties": { "id": 27448, "old_bplan": "new_bplan", "flooding_risk": "no_flood_risk", "ROR": "Oberfranken-Ost", "URL des Rasterbildes": "https://wms1.riwagis.de/kulmbach_lk_bp/bp-plaene/neuenmarkt/neuenmarkt - wirsberger strasse i - 4. aenderung_plan.png", "URL zur Legende": "https://wms1.riwagis.de/kulmbach_lk_bp/bp-dateien/neuenmarkt/begruendung - bebauungsplan ge wirsberger strasse i - 07092020.pdf", "URL der textlichen Festsetzung": "https://wms1.riwagis.de/kulmbach_lk_bp/bp-dateien/neuenmarkt/begruendung - bebauungsplan ge wirsberger strasse i - 07092020.pdf" }, "geometry": { "type": "Point", "coordinates": [ 1290350.549878247315064, 6463841.599860436283052 ] } },
{ "type": "Feature", "properties": { "id": 1448, "old_bplan": "new_bplan", "flooding_risk": "no_flood_risk", "ROR": "Oberfranken-West", "URL des Rasterbildes": "https://wms1.riwagis.de/baunach_vg_bp/bp-plaene/baunach/baunach_nord_1.tif", "URL zur Legende": "https://wms1.riwagis.de/baunach_vg_bp/bp-dateien/baunach/baunach nord 1.pdf", "URL der textlichen Festsetzung": "https://wms1.riwagis.de/baunach_vg_bp/bp-dateien/baunach/baunach nord 1.pdf" }, "geometry": { "type": "Point", "coordinates": [ 1207017.992678193142638, 6444624.251584296114743 ] } },
{ "type": "Feature", "properties": { "id": 1510, "old_bplan": "new_bplan", "flooding_risk": "no_flood_risk", "ROR": "Oberfranken-West", "URL des Rasterbildes": "https://wms1.riwagis.de/lichtenfels_lk_bp/bp-plaene/weismain/geosolarpark buckendorf ii - bebauungsplan-auslegungsentwurf.tif", "URL zur Legende": "https://wms1.riwagis.de/lichtenfels_lk_bp/bp-dateien/weismain/solarpark buckendorf ii- begruendung.pdf", "URL der textlichen Festsetzung": "https://wms1.riwagis.de/lichtenfels_lk_bp/bp-dateien/weismain/solarpark buckendorf ii- begruendung.pdf" }, "geometry": { "type": "Point", "coordinates": [ 1250079.876088076271117, 6447670.146369306370616 ] } },
{ "type": "Feature", "properties": { "id": 26925, "old_bplan": "new_bplan", "flooding_risk": "no_flood_risk", "ROR": "Oberfranken-West", "URL des Rasterbildes": "https://wms1.riwagis.de/lichtenfels_lk_bp/bp-plaene/bad staffelstein/geo.tif", "URL zur Legende": "https://wms1.riwagis.de/lichtenfels_lk_bp/bp-dateien/bad staffelstein/internetplan.jpg", "URL der textlichen Festsetzung": "https://wms1.riwagis.de/lichtenfels_lk_bp/bp-dateien/bad staffelstein/internetplan.jpg" }, "geometry": { "type": "Point", "coordinates": [ 1220248.075351364677772, 6473042.216071387752891 ] } },
{ "type": "Feature", "properties": { "id": 27299, "old_bplan": "new_bplan", "flooding_risk": "no_flood_risk", "ROR": "Oberfranken-West", "URL des Rasterbildes": "https://wms1.riwagis.de/lichtenfels_lk_bp/bp-plaene/altenkunstadt/bplan zuschnitt.tif", "URL zur Legende": "https://wms1.riwagis.de/lichtenfels_lk_bp/bp-dateien/altenkunstadt/satzung_2.pdf", "URL der textlichen Festsetzung": "https://wms1.riwagis.de/lichtenfels_lk_bp/bp-dateien/altenkunstadt/satzung_2.pdf" }, "geometry": { "type": "Point", "coordinates": [ 1247882.259151265956461, 6463779.540545081719756 ] } },
{ "type": "Feature", "properties": { "id": 2063, "old_bplan": "new_bplan", "flooding_risk": "no_flood_risk", "ROR": "Oberfranken-West", "URL des Rasterbildes": "Dieser Bebauungsplan wurde noch nicht eingescannt", "URL zur Legende": "Dieser Bebauungsplan wurde noch nicht eingescannt", "URL der textlichen Festsetzung": "Dieser Bebauungsplan wurde noch nicht eingescannt" }, "geometry": { "type": "Point", "coordinates": [ 1226738.430927492678165, 6440578.922105432488024 ] } },
{ "type": "Feature", "properties": { "id": 14234, "old_bplan": "new_bplan", "flooding_risk": "no_flood_risk", "ROR": "Oberland", "URL des Rasterbildes": "https://wms1.riwagis.de/weilheim_lk_bp/bp-dateien/hohenfurch/6102.02-00392022 - 09.07.2024 - 09.07.2024 - rechtskraeftige satzung - schriftverkehr[1].pdf", "URL zur Legende": "https://wms1.riwagis.de/weilheim_lk_bp/bp-dateien/hohenfurch/6102.02-00392022 - 09.07.2024 - 09.07.2024 - rechtskraeftige satzung - schriftverkehr[1].pdf", "URL der textlichen Festsetzung": "https://wms1.riwagis.de/weilheim_lk_bp/bp-dateien/hohenfurch/6102.02-00392022 - 09.07.2024 - 09.07.2024 - rechtskraeftige satzung - schriftverkehr[1].pdf" }, "geometry": { "type": "Point", "coordinates": [ 1213481.931493257405236, 6080864.466837633401155 ] } },
{ "type": "Feature", "properties": { "id": 15823, "old_bplan": "new_bplan", "flooding_risk": "no_flood_risk", "ROR": "Oberland", "URL des Rasterbildes": "https://wms1.riwagis.de/weilheim_lk_bp/bp-plaene/wildsteig/ws_ried_kirchberg_plan.tif", "URL zur Legende": "https://wms1.riwagis.de/weilheim_lk_bp/bp-dateien/wildsteig/ws_ried_kirchberg_begruendung.pdf", "URL der textlichen Festsetzung": "https://wms1.riwagis.de/weilheim_lk_bp/bp-dateien/wildsteig/ws_ried_kirchberg_satzung.pdf" }, "geometry": { "type": "Point", "coordinates": [ 1217491.605683754431084, 6057250.723534203134477 ] } },
{ "type": "Feature", "properties": { "id": 14401, "old_bplan": "new_bplan", "flooding_risk": "no_flood_risk", "ROR": "Oberland", "URL des Rasterbildes": "https://wms1.riwagis.de/miesbach_lk_bp/bp-dateien/irschenberg/umweltpruefung_bebauungsplan_oberhasling_irschenberg_20161216.pdf", "URL zur Legende": "https://wms1.riwagis.de/miesbach_lk_bp/bp-dateien/irschenberg/umweltpruefung_bebauungsplan_oberhasling_irschenberg_20161216.pdf", "URL der textlichen Festsetzung": "https://wms1.riwagis.de/miesbach_lk_bp/bp-dateien/irschenberg/umweltpruefung_bebauungsplan_oberhasling_irschenberg_20161216.pdf" }, "geometry": { "type": "Point", "coordinates": [ 1323381.064341494813561, 6079398.194633349776268 ] } },
{ "type": "Feature", "properties": { "id": 15552, "old_bplan": "new_bplan", "flooding_risk": "no_flood_risk", "ROR": "Oberland", "URL des Rasterbildes": "https://wms1.riwagis.de/miesbach_lk_bp/bp-plaene/schliersee/009-012_schliersee_tc.tif", "URL zur Legende": "https://wms1.riwagis.de/miesbach_lk_bp/bp-dateien/schliersee/schliersee_9_12.aenderung_carl-schwarz-strasse_begruendung.pdf", "URL der textlichen Festsetzung": "https://wms1.riwagis.de/miesbach_lk_bp/bp-dateien/schliersee/schliersee_9_12.aenderung_carl-schwarz-strasse_begruendung.pdf" }, "geometry": { "type": "Point", "coordinates": [ 1321425.208914912305772, 6061887.433639432303607 ] } },
{ "type": "Feature", "properties": { "id": 14892, "old_bplan": "new_bplan", "flooding_risk": "no_flood_risk", "ROR": "Oberland", "URL des Rasterbildes": "https://wms1.riwagis.de/weilheim_lk_bp/bp-dateien/iffeldorf/satzung aufhebung bplan am sonnenberg.pdf", "URL zur Legende": "https://wms1.riwagis.de/weilheim_lk_bp/bp-dateien/iffeldorf/satzung aufhebung bplan am sonnenberg.pdf", "URL der textlichen Festsetzung": "https://wms1.riwagis.de/weilheim_lk_bp/bp-dateien/iffeldorf/satzung aufhebung bplan am sonnenberg.pdf" }, "geometry": { "type": "Point", "coordinates": [ 1261862.113245502114296, 6069252.197464557364583 ] } },
{ "type": "Feature", "properties": { "id": 17393, "old_bplan": "new_bplan", "flooding_risk": "no_flood_risk", "ROR": "Oberpfalz-Nord", "URL des Rasterbildes": "https://geodaten.landkreis-schwandorf.de/portal/apps/dashboards/1f7936924fcc4a75999bd097c816ddfa#pnr=163_002", "URL zur Legende": "https://geodaten.landkreis-schwandorf.de/portal/apps/dashboards/1f7936924fcc4a75999bd097c816ddfa#pnr=163_002", "URL der textlichen Festsetzung": "https://geodaten.landkreis-schwandorf.de/portal/apps/dashboards/1f7936924fcc4a75999bd097c816ddfa#pnr=163_002" }, "geometry": { "type": "Point", "coordinates": [ 1352712.517540606670082, 6340620.86699057649821 ] } },
{ "type": "Feature", "properties": { "id": 18295, "old_bplan": "new_bplan", "flooding_risk": "no_flood_risk", "ROR": "Oberpfalz-Nord", "URL des Rasterbildes": "https://geodaten.landkreis-schwandorf.de/portal/apps/dashboards/1f7936924fcc4a75999bd097c816ddfa#pnr=168_018", "URL zur Legende": "https://geodaten.landkreis-schwandorf.de/portal/apps/dashboards/1f7936924fcc4a75999bd097c816ddfa#pnr=168_018", "URL der textlichen Festsetzung": "https://geodaten.landkreis-schwandorf.de/portal/apps/dashboards/1f7936924fcc4a75999bd097c816ddfa#pnr=168_018" }, "geometry": { "type": "Point", "coordinates": [ 1351415.074319073697552, 6322083.307857427746058 ] } },
{ "type": "Feature", "properties": { "id": 17415, "old_bplan": "new_bplan", "flooding_risk": "no_flood_risk", "ROR": "Oberpfalz-Nord", "URL des Rasterbildes": "https://wms1.riwagis.de/nabburg_vg_bp/bp-plaene/altendorf/wiegenaecker ausgeschnitten.tif", "URL zur Legende": "https://wms1.riwagis.de/bp_nodata.html", "URL der textlichen Festsetzung": "https://wms1.riwagis.de/bp_nodata.html" }, "geometry": { "type": "Point", "coordinates": [ 1367086.596160131506622, 6344281.592293183319271 ] } },
{ "type": "Feature", "properties": { "id": 17941, "old_bplan": "new_bplan", "flooding_risk": "no_flood_risk", "ROR": "Oberpfalz-Nord", "URL des Rasterbildes": "https://geodaten.landkreis-schwandorf.de/portal/apps/dashboards/1f7936924fcc4a75999bd097c816ddfa#pnr=116_038", "URL zur Legende": "https://geodaten.landkreis-schwandorf.de/portal/apps/dashboards/1f7936924fcc4a75999bd097c816ddfa#pnr=116_038", "URL der textlichen Festsetzung": "https://geodaten.landkreis-schwandorf.de/portal/apps/dashboards/1f7936924fcc4a75999bd097c816ddfa#pnr=116_038" }, "geometry": { "type": "Point", "coordinates": [ 1362538.229161344934255, 6324122.844909196719527 ] } },
{ "type": "Feature", "properties": { "id": 17048, "old_bplan": "new_bplan", "flooding_risk": "no_flood_risk", "ROR": "Oberpfalz-Nord", "URL des Rasterbildes": "http://geodaten.amberg.de/bplan/Einzeluebersicht/BL_14_Eisberg-Suedwest.htm", "URL zur Legende": "http://geodaten.amberg.de/bplan/Einzeluebersicht/BL_14_Eisberg-Suedwest.htm", "URL der textlichen Festsetzung": "http://geodaten.amberg.de/bplan/Einzeluebersicht/BL_14_Eisberg-Suedwest.htm" }, "geometry": { "type": "Point", "coordinates": [ 1318148.92730481014587, 6351680.661565902642906 ] } },
{ "type": "Feature", "properties": { "id": 20034, "old_bplan": "new_bplan", "flooding_risk": "no_flood_risk", "ROR": "Regensburg", "URL des Rasterbildes": "https://wms1.riwagis.de/kelheim_lk_bp/bp-plaene/riedenburg/es_hattenhausen_2-0.tif", "URL zur Legende": "https://wms1.riwagis.de/kelheim_lk_bp/bp-dateien/riedenburg/g-es_hattenhausen_2.pdf", "URL der textlichen Festsetzung": "https://wms1.riwagis.de/kelheim_lk_bp/bp-dateien/riedenburg/es_hattenhausen_2.pdf" }, "geometry": { "type": "Point", "coordinates": [ 1296407.324294870719314, 6263985.478281917050481 ] } },
{ "type": "Feature", "properties": { "id": 18212, "old_bplan": "new_bplan", "flooding_risk": "no_flood_risk", "ROR": "Regensburg", "URL des Rasterbildes": "https://www.neumarkt.de/planen-bauen/stadtentwicklung/bebauungsplaene-bauleitplanung/rechtskraeftige-bauleitplaene/", "URL zur Legende": "https://www.neumarkt.de/planen-bauen/stadtentwicklung/bebauungsplaene-bauleitplanung/rechtskraeftige-bauleitplaene/", "URL der textlichen Festsetzung": "https://www.neumarkt.de/planen-bauen/stadtentwicklung/bebauungsplaene-bauleitplanung/rechtskraeftige-bauleitplaene/" }, "geometry": { "type": "Point", "coordinates": [ 1269198.872146751265973, 6325582.857134751975536 ] } },
{ "type": "Feature", "properties": { "id": 20876, "old_bplan": "new_bplan", "flooding_risk": "no_flood_risk", "ROR": "Regensburg", "URL des Rasterbildes": "https://wms1.riwagis.de/kelheim_lk_bp/bp-plaene/kelheim/pva_thaldorf_sued-0.tif", "URL zur Legende": "https://wms1.riwagis.de/kelheim_lk_bp/bp-dateien/kelheim/g-pva_thaldorf_sued.pdf", "URL der textlichen Festsetzung": "https://wms1.riwagis.de/kelheim_lk_bp/bp-dateien/kelheim/pva_thaldorf_sued.pdf" }, "geometry": { "type": "Point", "coordinates": [ 1321378.890741248847917, 6253486.769192041829228 ] } },
{ "type": "Feature", "properties": { "id": 17890, "old_bplan": "new_bplan", "flooding_risk": "no_flood_risk", "ROR": "Regensburg", "URL des Rasterbildes": "http://www.kreis-nm.de/bplaene/postbauer-heng/Skateranlage_BP_Endfassung.pdf", "URL zur Legende": "http://www.kreis-nm.de/bplaene/postbauer-heng/Skateranlage_BP_Endfassung.pdf", "URL der textlichen Festsetzung": "http://www.kreis-nm.de/bplaene/postbauer-heng/Skateranlage_BP_Endfassung.pdf" }, "geometry": { "type": "Point", "coordinates": [ 1264856.33085591183044, 6327558.879756717942655 ] } },
{ "type": "Feature", "properties": { "id": 19831, "old_bplan": "new_bplan", "flooding_risk": "no_flood_risk", "ROR": "Regensburg", "URL des Rasterbildes": "https://wms1.riwagis.de/kelheim_lk_bp/bp-plaene/painten/regensburger_weg_iv-0.tif", "URL zur Legende": "https://wms1.riwagis.de/kelheim_lk_bp/bp-dateien/painten/g-regensburger_weg_iv.pdf", "URL der textlichen Festsetzung": "https://wms1.riwagis.de/kelheim_lk_bp/bp-dateien/painten/regensburger_weg_iv.pdf" }, "geometry": { "type": "Point", "coordinates": [ 1316430.622087424620986, 6274397.292108272202313 ] } },
{ "type": "Feature", "properties": { "id": 14415, "old_bplan": "new_bplan", "flooding_risk": "no_flood_risk", "ROR": "Südostoberbayern", "URL des Rasterbildes": "https://wms1.riwagis.de/rosenheim_lk_bp/bp-plaene/bad feilnbach/102_000_so_freiflaechen_pv_hoellacker_plan_tc.tif", "URL zur Legende": "https://wms1.riwagis.de/rosenheim_lk_bp/bp-dateien/bad feilnbach/0102_000_00_00_so_freiflaechen_pv_hoellacker_leg.pdf", "URL der textlichen Festsetzung": "https://wms1.riwagis.de/rosenheim_lk_bp/bp-dateien/bad feilnbach/0102_000_00_00_so_freiflaechen_pv_hoellacker_leg.pdf" }, "geometry": { "type": "Point", "coordinates": [ 1333289.69894869113341, 6076722.699412073008716 ] } },
{ "type": "Feature", "properties": { "id": 13973, "old_bplan": "new_bplan", "flooding_risk": "no_flood_risk", "ROR": "Südostoberbayern", "URL des Rasterbildes": "https://wms1.riwagis.de/rosenheim_lk_bp/bp-plaene/prien a.chiemsee/008-000_herrnberg west_plan_tc.tif", "URL zur Legende": "https://wms1.riwagis.de/rosenheim_lk_bp/bp-dateien/prien a.chiemsee/008-000_herrnberg west_legende.pdf", "URL der textlichen Festsetzung": "https://wms1.riwagis.de/rosenheim_lk_bp/bp-dateien/prien a.chiemsee/008-000_herrnberg west_plan.pdf" }, "geometry": { "type": "Point", "coordinates": [ 1375322.579839155077934, 6083236.043434642255306 ] } },
{ "type": "Feature", "properties": { "id": 12299, "old_bplan": "new_bplan", "flooding_risk": "no_flood_risk", "ROR": "Südostoberbayern", "URL des Rasterbildes": "http://www.schonstett.de/Bebauungsplan-Nr.-7-Aichet-Ost.o7257.html", "URL zur Legende": "Dieser Bebauungsplan wurde noch nicht eingescannt", "URL der textlichen Festsetzung": "Dieser Bebauungsplan wurde noch nicht eingescannt" }, "geometry": { "type": "Point", "coordinates": [ 1361880.939664766425267, 6102227.669186477549374 ] } },
{ "type": "Feature", "properties": { "id": 10747, "old_bplan": "new_bplan", "flooding_risk": "no_flood_risk", "ROR": "Südostoberbayern", "URL des Rasterbildes": "https://www.soyen.de/wp-content/uploads/2020/03/S_9.00_Aussenbereichssatzung_Lehen.pdf", "URL zur Legende": "Dieser Bebauungsplan wurde noch nicht eingescannt", "URL der textlichen Festsetzung": "Dieser Bebauungsplan wurde noch nicht eingescannt" }, "geometry": { "type": "Point", "coordinates": [ 1361657.227763402275741, 6123941.812576594762504 ] } },
{ "type": "Feature", "properties": { "id": 11222, "old_bplan": "new_bplan", "flooding_risk": "no_flood_risk", "ROR": "Südostoberbayern", "URL des Rasterbildes": "https://www.soyen.de/wp-content/uploads/2020/09/B-15.00-Gewerbegebiet-Graben-klein.pdf", "URL zur Legende": "Dieser Bebauungsplan wurde noch nicht eingescannt", "URL der textlichen Festsetzung": "Dieser Bebauungsplan wurde noch nicht eingescannt" }, "geometry": { "type": "Point", "coordinates": [ 1358692.763461621012539, 6120497.624915096908808 ] } },
{ "type": "Feature", "properties": { "id": 17168, "old_bplan": "new_bplan", "flooding_risk": "no_flood_risk", "ROR": "Westmittelfranken", "URL des Rasterbildes": "https://wms1.riwagis.de/ansbach_lk_bp/bp-dateien/oberdachstetten/bplan-oberdachstetten-003-00-p.pdf", "URL zur Legende": "https://wms1.riwagis.de/ansbach_lk_bp/bp-dateien/oberdachstetten/bplan-oberdachstetten-003-00-l.pdf", "URL der textlichen Festsetzung": "https://wms1.riwagis.de/ansbach_lk_bp/bp-dateien/oberdachstetten/bplan-oberdachstetten-003-00-p.pdf" }, "geometry": { "type": "Point", "coordinates": [ 1159865.490166655741632, 6345833.311252866871655 ] } },
{ "type": "Feature", "properties": { "id": 18396, "old_bplan": "new_bplan", "flooding_risk": "no_flood_risk", "ROR": "Westmittelfranken", "URL des Rasterbildes": "https://wms1.riwagis.de/ansbach_lk_bp/bp-dateien/aurach/bplan- aurach-029-00-p.pdf", "URL zur Legende": "https://wms1.riwagis.de/ansbach_lk_bp/bp-dateien/aurach/bplan- aurach-029-00-l.pdf", "URL der textlichen Festsetzung": "https://wms1.riwagis.de/ansbach_lk_bp/bp-dateien/aurach/bplan- aurach-029-00-p.pdf" }, "geometry": { "type": "Point", "coordinates": [ 1163084.115322364959866, 6317578.950450219213963 ] } },
{ "type": "Feature", "properties": { "id": 19645, "old_bplan": "new_bplan", "flooding_risk": "no_flood_risk", "ROR": "Westmittelfranken", "URL des Rasterbildes": "https://intranet.landkreis-wug.de/media/5765/raitenbuch_bechthal_sued.pdf", "URL zur Legende": "https://intranet.landkreis-wug.de/media/5765/raitenbuch_bechthal_sued.pdf", "URL der textlichen Festsetzung": "https://intranet.landkreis-wug.de/media/5765/raitenbuch_bechthal_sued.pdf" }, "geometry": { "type": "Point", "coordinates": [ 1243614.158552821027115, 6278690.337568677030504 ] } },
{ "type": "Feature", "properties": { "id": 18665, "old_bplan": "new_bplan", "flooding_risk": "no_flood_risk", "ROR": "Westmittelfranken", "URL des Rasterbildes": "https://wms1.riwagis.de/ansbach_lk_bp/bp-dateien/schnelldorf/bplan-schnelldorf-019-01-p.pdf", "URL zur Legende": "https://wms1.riwagis.de/ansbach_lk_bp/bp-dateien/schnelldorf/bplan-schnelldorf-019-01-l.pdf", "URL der textlichen Festsetzung": "https://wms1.riwagis.de/ansbach_lk_bp/bp-dateien/schnelldorf/bplan-schnelldorf-019-01-p.pdf" }, "geometry": { "type": "Point", "coordinates": [ 1134008.114858389133587, 6307968.54216834064573 ] } },
{ "type": "Feature", "properties": { "id": 17695, "old_bplan": "new_bplan", "flooding_risk": "no_flood_risk", "ROR": "Westmittelfranken", "URL des Rasterbildes": "https://wms1.riwagis.de/ansbach_lk_bp/bp-dateien/colmberg/bplan-colmberg-016-00-p.pdf", "URL zur Legende": "https://wms1.riwagis.de/ansbach_lk_bp/bp-dateien/colmberg/bplan-colmberg-016-00-l.pdf", "URL der textlichen Festsetzung": "https://wms1.riwagis.de/ansbach_lk_bp/bp-dateien/colmberg/bplan-colmberg-016-00-p.pdf" }, "geometry": { "type": "Point", "coordinates": [ 1158908.755738989217207, 6334244.925534860230982 ] } },
{ "type": "Feature", "properties": { "id": 3911, "old_bplan": "new_bplan", "flooding_risk": "no_flood_risk", "ROR": "Würzburg", "URL des Rasterbildes": "http://geoinfo.landkreis-wuerzburg.de/Hoechberg/Erweiterung_Gewerbegebiet_Heidelberger_Strasse.pdf", "URL zur Legende": "http://geoinfo.landkreis-wuerzburg.de/Hoechberg/Erweiterung_Gewerbegebiet_Heidelberger_Strasse.pdf", "URL der textlichen Festsetzung": "http://geoinfo.landkreis-wuerzburg.de/Hoechberg/Erweiterung_Gewerbegebiet_Heidelberger_Strasse.pdf" }, "geometry": { "type": "Point", "coordinates": [ 1097915.937699049944058, 6406209.129857521504164 ] } },
{ "type": "Feature", "properties": { "id": 3642, "old_bplan": "new_bplan", "flooding_risk": "no_flood_risk", "ROR": "Würzburg", "URL des Rasterbildes": "http://geoinfo.landkreis-wuerzburg.de/rottendorf/Sondergebiet_Photovoltaik_Rottendorf.pdf", "URL zur Legende": "http://geoinfo.landkreis-wuerzburg.de/rottendorf/Sondergebiet_Photovoltaik_Rottendorf.pdf", "URL der textlichen Festsetzung": "http://geoinfo.landkreis-wuerzburg.de/rottendorf/Sondergebiet_Photovoltaik_Rottendorf.pdf" }, "geometry": { "type": "Point", "coordinates": [ 1118602.065638872561976, 6412509.933992418460548 ] } },
{ "type": "Feature", "properties": { "id": 4189, "old_bplan": "new_bplan", "flooding_risk": "no_flood_risk", "ROR": "Würzburg", "URL des Rasterbildes": "http://geoinfo.landkreis-wuerzburg.de/reichenberg/Freiflaechenphotovoltaikanlage_Fl.-Nr._710_1.pdf", "URL zur Legende": "http://geoinfo.landkreis-wuerzburg.de/reichenberg/Freiflaechenphotovoltaikanlage_Fl.-Nr._710_1.pdf", "URL der textlichen Festsetzung": "http://geoinfo.landkreis-wuerzburg.de/reichenberg/Freiflaechenphotovoltaikanlage_Fl.-Nr._710_1.pdf" }, "geometry": { "type": "Point", "coordinates": [ 1104377.235294087557122, 6394369.371642417274415 ] } },
{ "type": "Feature", "properties": { "id": 4595, "old_bplan": "new_bplan", "flooding_risk": "no_flood_risk", "ROR": "Würzburg", "URL des Rasterbildes": "http://www.kitzingen.de/m_30957", "URL zur Legende": "http://www.kitzingen.de/m_30956", "URL der textlichen Festsetzung": "http://www.kitzingen.de/m_30958" }, "geometry": { "type": "Point", "coordinates": [ 1134053.048305801814422, 6382192.418703231960535 ] } },
{ "type": "Feature", "properties": { "id": 3239, "old_bplan": "new_bplan", "flooding_risk": "no_flood_risk", "ROR": "Würzburg", "URL des Rasterbildes": "https://okgis.osrz-akdb.de/msp/downloads/bplan/09677_119_014_000/Biogasanlage AM Rothen Berg.PII", "URL zur Legende": "https://okgis.osrz-akdb.de/msp/downloads/bplan/4850e1c1-c23f-4e86-880f-9b15e3b0adb3/09677_119_014_000/Festsetzungen.pdf", "URL der textlichen Festsetzung": "https://okgis.osrz-akdb.de/msp/downloads/bplan/4850e1c1-c23f-4e86-880f-9b15e3b0adb3/09677_119_014_000/Festsetzungen.pdf" }, "geometry": { "type": "Point", "coordinates": [ 1080006.653777228901163, 6420621.98945225123316 ] } },
{ "type": "Feature", "properties": { "id": 25449, "old_bplan": "old_bplan", "flooding_risk": "has_flooding_risk", "ROR": "Allgäu", "URL des Rasterbildes": "https://wms1.riwagis.de/oberallgaeu_lk_bp/bp-plaene/immenstadt/spitalstrasse.tif", "URL zur Legende": "https://wms1.riwagis.de/oberallgaeu_lk_bp/bp-dateien/immenstadt/spitalstrasse_legende.pdf", "URL der textlichen Festsetzung": "https://wms1.riwagis.de/oberallgaeu_lk_bp/bp-dateien/immenstadt/spitalstrasse_plan.pdf" }, "geometry": { "type": "Point", "coordinates": [ 1137799.773506720550358, 6034239.975628403015435 ] } },
{ "type": "Feature", "properties": { "id": 25340, "old_bplan": "old_bplan", "flooding_risk": "has_flooding_risk", "ROR": "Allgäu", "URL des Rasterbildes": "https://wms1.riwagis.de/lindau_lk_bp/bp-plaene/nonnenhorn/bp_teilaufhebung_brachmoos_schachen_muehlsack_p1_clip.tif", "URL zur Legende": "https://wms1.riwagis.de/lindau_lk_bp/bp-dateien/nonnenhorn/bp_teilaufhebung_brachmoos_schachen_muehlsack_t11_legende.pdf", "URL der textlichen Festsetzung": "https://wms1.riwagis.de/lindau_lk_bp/bp-dateien/nonnenhorn/bp_teilaufhebung_brachmoos_schachen_muehlsack_plan.pdf" }, "geometry": { "type": "Point", "coordinates": [ 1070709.293164206435904, 6035402.809407191351056 ] } },
{ "type": "Feature", "properties": { "id": 25609, "old_bplan": "old_bplan", "flooding_risk": "has_flooding_risk", "ROR": "Allgäu", "URL des Rasterbildes": "https://wms1.riwagis.de/oberallgaeu_lk_bp/bp-dateien/sonthofen/bplan_0005_002_aenderung.pdf", "URL zur Legende": "https://wms1.riwagis.de/oberallgaeu_lk_bp/bp-dateien/sonthofen/bplan_0005_002_aenderung.pdf", "URL der textlichen Festsetzung": "https://wms1.riwagis.de/oberallgaeu_lk_bp/bp-dateien/sonthofen/bplan_0005_002_aenderung.pdf" }, "geometry": { "type": "Point", "coordinates": [ 1146130.203110405709594, 6026124.925962402485311 ] } },
{ "type": "Feature", "properties": { "id": 25604, "old_bplan": "old_bplan", "flooding_risk": "has_flooding_risk", "ROR": "Allgäu", "URL des Rasterbildes": "https://wms1.riwagis.de/oberallgaeu_lk_bp/bp-dateien/sonthofen/bplan_0036_grundplan_komplett.pdf", "URL zur Legende": "https://wms1.riwagis.de/oberallgaeu_lk_bp/bp-dateien/sonthofen/bplan_0036_grundplan_komplett.pdf", "URL der textlichen Festsetzung": "https://wms1.riwagis.de/oberallgaeu_lk_bp/bp-dateien/sonthofen/bplan_0036_grundplan_komplett.pdf" }, "geometry": { "type": "Point", "coordinates": [ 1146273.522538440534845, 6025742.740820976905525 ] } },
{ "type": "Feature", "properties": { "id": 14163, "old_bplan": "old_bplan", "flooding_risk": "has_flooding_risk", "ROR": "Allgäu", "URL des Rasterbildes": "https://wms1.riwagis.de/ostallgaeu_lk_bp/bp-plaene/biessenhofen/bie_biessenhofen_23_00_plan.tif", "URL zur Legende": "https://wms1.riwagis.de/ostallgaeu_lk_bp/bp-dateien/biessenhofen/bie_biessenhofen_23_00_legende.pdf", "URL der textlichen Festsetzung": "https://wms1.riwagis.de/ostallgaeu_lk_bp/bp-dateien/biessenhofen/bie_biessenhofen_23_00_schallschutzgutachten.pdf" }, "geometry": { "type": "Point", "coordinates": [ 1185175.161751322448254, 6078804.615940411575139 ] } },
{ "type": "Feature", "properties": { "id": 23163, "old_bplan": "old_bplan", "flooding_risk": "has_flooding_risk", "ROR": "Augsburg", "URL des Rasterbildes": "https://wms1.riwagis.de/donauries_lk_bp/bp-plaene/mertingen/am_kornfeld.tif", "URL zur Legende": "https://wms1.riwagis.de/donauries_lk_bp/bp-dateien/mertingen/legende_am_kornfeld.pdf", "URL der textlichen Festsetzung": "https://wms1.riwagis.de/bp_nodata.html" }, "geometry": { "type": "Point", "coordinates": [ 1199194.899475045036525, 6219178.166039056144655 ] } },
{ "type": "Feature", "properties": { "id": 24143, "old_bplan": "old_bplan", "flooding_risk": "has_flooding_risk", "ROR": "Augsburg", "URL des Rasterbildes": "https://www.dillingen-donau.de/index.php?id=592", "URL zur Legende": "https://www.dillingen-donau.de/index.php?id=592", "URL der textlichen Festsetzung": "https://www.dillingen-donau.de/index.php?id=592" }, "geometry": { "type": "Point", "coordinates": [ 1173365.492309096734971, 6206428.904381026513875 ] } },
{ "type": "Feature", "properties": { "id": 23174, "old_bplan": "old_bplan", "flooding_risk": "has_flooding_risk", "ROR": "Augsburg", "URL des Rasterbildes": "https://wms1.riwagis.de/donauries_lk_bp/bp-plaene/asbach-bäumenheim/schneiderfeld.tif", "URL zur Legende": "https://wms1.riwagis.de/donauries_lk_bp/bp-dateien/asbach-bäumenheim/legende_schneiderfeld.pdf", "URL der textlichen Festsetzung": "https://wms1.riwagis.de/bp_nodata.html" }, "geometry": { "type": "Point", "coordinates": [ 1202443.473177165025845, 6220983.990832293406129 ] } },
{ "type": "Feature", "properties": { "id": 9403, "old_bplan": "old_bplan", "flooding_risk": "has_flooding_risk", "ROR": "Augsburg", "URL des Rasterbildes": "https://okgis.osrz-akdb.de/abg/downloads/bplan/09772_151_013_000/UNTERE KRAUTGÄRTEN III.PII", "URL zur Legende": "https://okgis.osrz-akdb.de/abg/downloads/bplan/09772_151_013_000/Festsetzungen.pdf", "URL der textlichen Festsetzung": "https://okgis.osrz-akdb.de/abg/downloads/bplan/6ffa2d71-f910-4926-b6f4-9b33476cb8f9/09772_151_013_000/Festsetzungen.pdf" }, "geometry": { "type": "Point", "coordinates": [ 1200569.983989768661559, 6146334.288992087356746 ] } },
{ "type": "Feature", "properties": { "id": 24230, "old_bplan": "old_bplan", "flooding_risk": "has_flooding_risk", "ROR": "Augsburg", "URL des Rasterbildes": "https://okgis.osrz-akdb.de/abg/downloads/bplan/09772_136_005_000/SÜD-OST.PII", "URL zur Legende": "https://okgis.osrz-akdb.de/abg/downloads/bplan/09772_136_005_000/Festsetzungen.pdf", "URL der textlichen Festsetzung": "https://okgis.osrz-akdb.de/abg/downloads/bplan/0a19e597-88cd-46fe-9217-ca240d887377/09772_136_005_000/Festsetzungen.pdf" }, "geometry": { "type": "Point", "coordinates": [ 1210199.409817375475541, 6206643.443455735221505 ] } },
{ "type": "Feature", "properties": { "id": 3867, "old_bplan": "old_bplan", "flooding_risk": "has_flooding_risk", "ROR": "Bayerischer Untermain", "URL des Rasterbildes": "http://gis.kreis-mil.de/bpl/Dorfprozelten/Industriegebiet_I/Rechtsplan.pdf", "URL zur Legende": "http://gis.kreis-mil.de/bpl/Dorfprozelten/Industriegebiet_I/Festsetzungen.pdf", "URL der textlichen Festsetzung": "http://gis.kreis-mil.de/bpl/Dorfprozelten/Industriegebiet_I/Festsetzungen.pdf" }, "geometry": { "type": "Point", "coordinates": [ 1046224.482193193165585, 6407383.941683215089142 ] } },
{ "type": "Feature", "properties": { "id": 1096, "old_bplan": "old_bplan", "flooding_risk": "has_flooding_risk", "ROR": "Bayerischer Untermain", "URL des Rasterbildes": "http://markt-goldbach.de/wp-content/uploads/2016/06/Zwischen-Goldbach-Aschaffenburger-Stra%C3%9Fe-Bahnhofstra%C3%9Fe-und-S%C3%BCdspange.pdf", "URL zur Legende": "http://markt-goldbach.de/wp-content/uploads/2016/06/Zwischen-Goldbach-Aschaffenburger-Stra%C3%9Fe-Bahnhofstra%C3%9Fe-und-S%C3%BCdspange.pdf", "URL der textlichen Festsetzung": "http://markt-goldbach.de/wp-content/uploads/2016/06/Zwischen-Goldbach-Aschaffenburger-Stra%C3%9Fe-Bahnhofstra%C3%9Fe-und-S%C3%BCdspange.pdf" }, "geometry": { "type": "Point", "coordinates": [ 1021644.52977954922244, 6445301.020188364200294 ] } },
{ "type": "Feature", "properties": { "id": 1076, "old_bplan": "old_bplan", "flooding_risk": "has_flooding_risk", "ROR": "Bayerischer Untermain", "URL des Rasterbildes": "http://www.stockstadt-am-main.de/datei/de/gemeinde/-/1629/extLink", "URL zur Legende": "http://www.stockstadt-am-main.de/datei/de/gemeinde/-/1629/extLink", "URL der textlichen Festsetzung": "http://www.stockstadt-am-main.de/datei/de/gemeinde/-/1629/extLink" }, "geometry": { "type": "Point", "coordinates": [ 1008046.646918453508988, 6444658.550714704208076 ] } },
{ "type": "Feature", "properties": { "id": 1772, "old_bplan": "old_bplan", "flooding_risk": "has_flooding_risk", "ROR": "Bayerischer Untermain", "URL des Rasterbildes": "http://www.aschaffenburg.de/dokumente/Buerger-in-Aschaffenburg/Dateiordner-Bebauungsplaene/17_05_Auf_BPl.pdf", "URL zur Legende": "http://www.aschaffenburg.de/dokumente/Buerger-in-Aschaffenburg/Dateiordner-Bebauungsplaene/17_05_Auf_BPl.pdf", "URL der textlichen Festsetzung": "http://www.aschaffenburg.de/dokumente/Buerger-in-Aschaffenburg/Dateiordner-Bebauungsplaene/17_05_Auf_BPl.pdf" }, "geometry": { "type": "Point", "coordinates": [ 1016202.045180301764049, 6444163.030994427390397 ] } },
{ "type": "Feature", "properties": { "id": 2776, "old_bplan": "old_bplan", "flooding_risk": "has_flooding_risk", "ROR": "Bayerischer Untermain", "URL des Rasterbildes": "http://gis.kreis-mil.de/bpl/Kleinwallstadt/Sportgelaende_Wuestdelle/Rechtsplan.pdf", "URL zur Legende": "http://gis.kreis-mil.de/bpl/Kleinwallstadt/Sportgelaende_Wuestdelle/Festsetzungen.pdf", "URL der textlichen Festsetzung": "http://gis.kreis-mil.de/bpl/Kleinwallstadt/Sportgelaende_Wuestdelle/Festsetzungen.pdf" }, "geometry": { "type": "Point", "coordinates": [ 1019706.456277990946546, 6422691.799680669791996 ] } },
{ "type": "Feature", "properties": { "id": 6172, "old_bplan": "old_bplan", "flooding_risk": "has_flooding_risk", "ROR": "Donau-Iller (BY)", "URL des Rasterbildes": "https://wms1.riwagis.de/guenzburg_lk_bp_p001/bp-plaene/burgau/121-7148-016-00-plan.tif", "URL zur Legende": "https://wms1.riwagis.de/guenzburg_lk_bp_p001/bp-dateien/burgau/121-7148-016-00-plan.pdf", "URL der textlichen Festsetzung": "https://wms1.riwagis.de/guenzburg_lk_bp_p001/bp-dateien/burgau/121-7148-016-00-plan.pdf" }, "geometry": { "type": "Point", "coordinates": [ 1159614.815362875116989, 6177203.928960252553225 ] } },
{ "type": "Feature", "properties": { "id": 8762, "old_bplan": "old_bplan", "flooding_risk": "has_flooding_risk", "ROR": "Donau-Iller (BY)", "URL des Rasterbildes": "https://wms1.riwagis.de/guenzburg_lk_bp_p001/bp-plaene/thannhausen/185-7726-015-00-plan.tif", "URL zur Legende": "https://wms1.riwagis.de/guenzburg_lk_bp_p001/bp-dateien/thannhausen/185-7726-015-00-plan.pdf", "URL der textlichen Festsetzung": "https://wms1.riwagis.de/guenzburg_lk_bp_p001/bp-dateien/thannhausen/185-7726-015-00-plan.pdf" }, "geometry": { "type": "Point", "coordinates": [ 1165846.972102377563715, 6152267.962520906701684 ] } },
{ "type": "Feature", "properties": { "id": 12957, "old_bplan": "old_bplan", "flooding_risk": "has_flooding_risk", "ROR": "Donau-Iller (BY)", "URL des Rasterbildes": "https://wms1.riwagis.de/unterallgaeu_lk_bp/bp-plaene/ottobeuren/bplan-ottobeuren-034-000-000.png", "URL zur Legende": "https://wms1.riwagis.de/unterallgaeu_lk_bp/bp-dateien/ottobeuren/bplan-ottobeuren-034-000-001.pdf", "URL der textlichen Festsetzung": "https://wms1.riwagis.de/unterallgaeu_lk_bp/bp-dateien/ottobeuren/bplan-ottobeuren-034-000-000.pdf" }, "geometry": { "type": "Point", "coordinates": [ 1146768.052141552325338, 6097085.448771013878286 ] } },
{ "type": "Feature", "properties": { "id": 10405, "old_bplan": "old_bplan", "flooding_risk": "has_flooding_risk", "ROR": "Donau-Iller (BY)", "URL des Rasterbildes": "https://wms1.riwagis.de/unterallgaeu_lk_bp/bp-plaene/babenhausen/bplan-babenhausen-020-000-000.png", "URL zur Legende": "https://wms1.riwagis.de/unterallgaeu_lk_bp/bp-dateien/babenhausen/bplan-babenhausen-020-000-001.pdf", "URL der textlichen Festsetzung": "https://wms1.riwagis.de/unterallgaeu_lk_bp/bp-dateien/babenhausen/bplan-babenhausen-020-000-000.pdf" }, "geometry": { "type": "Point", "coordinates": [ 1141374.160526492167264, 6130291.840502187609673 ] } },
{ "type": "Feature", "properties": { "id": 8727, "old_bplan": "old_bplan", "flooding_risk": "has_flooding_risk", "ROR": "Donau-Iller (BY)", "URL des Rasterbildes": "https://wms1.riwagis.de/guenzburg_lk_bp_p001/bp-plaene/deisenhausen/124-7706-005-00-plan.tif", "URL zur Legende": "https://wms1.riwagis.de/guenzburg_lk_bp_p001/bp-dateien/deisenhausen/124-7706-005-00-plan.pdf", "URL der textlichen Festsetzung": "https://wms1.riwagis.de/guenzburg_lk_bp_p001/bp-dateien/deisenhausen/124-7706-005-00-plan.pdf" }, "geometry": { "type": "Point", "coordinates": [ 1148335.642462633550167, 6149196.744085379876196 ] } },
{ "type": "Feature", "properties": { "id": 21390, "old_bplan": "old_bplan", "flooding_risk": "has_flooding_risk", "ROR": "Donau-Wald", "URL des Rasterbildes": "https://www.plattling.de/download/bebauungsplaene/plattling/Schiltorn_II/Rechtsplan.pdf", "URL zur Legende": "https://www.plattling.de/download/bebauungsplaene/plattling/Schiltorn_II/Festsetzungen.pdf", "URL der textlichen Festsetzung": "https://www.plattling.de/download/bebauungsplaene/plattling/Schiltorn_II/Festsetzungen.pdf" }, "geometry": { "type": "Point", "coordinates": [ 1436873.071718925843015, 6239460.364904482848942 ] } },
{ "type": "Feature", "properties": { "id": 20123, "old_bplan": "old_bplan", "flooding_risk": "has_flooding_risk", "ROR": "Donau-Wald", "URL des Rasterbildes": "https://www.hafen-straubing.de/immo-kai/industrie-und-gewerbegrundstuecke/", "URL zur Legende": "https://www.hafen-straubing.de/immo-kai/industrie-und-gewerbegrundstuecke/", "URL der textlichen Festsetzung": "https://www.hafen-straubing.de/immo-kai/industrie-und-gewerbegrundstuecke/" }, "geometry": { "type": "Point", "coordinates": [ 1407929.320625108201057, 6257981.344430967234075 ] } },
{ "type": "Feature", "properties": { "id": 20976, "old_bplan": "old_bplan", "flooding_risk": "has_flooding_risk", "ROR": "Donau-Wald", "URL des Rasterbildes": "http://geodaten.deggendorf.de/BP/BPlan-Deggendorf-093-000-000.pdf", "URL zur Legende": "http://geodaten.deggendorf.de/BP/BPlan-Deggendorf-093-000-005.pdf", "URL der textlichen Festsetzung": "http://geodaten.deggendorf.de/BP/BPlan-Deggendorf-093-000-005.pdf" }, "geometry": { "type": "Point", "coordinates": [ 1442188.795938236871734, 6248884.555412082001567 ] } },
{ "type": "Feature", "properties": { "id": 20927, "old_bplan": "old_bplan", "flooding_risk": "has_flooding_risk", "ROR": "Donau-Wald", "URL des Rasterbildes": "http://geodaten.deggendorf.de/BP/BPlan-Deggendorf-070-000-000.pdf", "URL zur Legende": "http://geodaten.deggendorf.de/BP/BPlan-Deggendorf-070-000-005.pdf", "URL der textlichen Festsetzung": "http://geodaten.deggendorf.de/BP/BPlan-Deggendorf-070-000-005.pdf" }, "geometry": { "type": "Point", "coordinates": [ 1440062.286808877019212, 6244393.853739283978939 ] } },
{ "type": "Feature", "properties": { "id": 20917, "old_bplan": "old_bplan", "flooding_risk": "has_flooding_risk", "ROR": "Donau-Wald", "URL des Rasterbildes": "http://www.irlbach.de/index.cfm?cid=182&documents.id=8859", "URL zur Legende": "http://www.irlbach.de/index.cfm?cid=182&documents.id=8859", "URL der textlichen Festsetzung": "http://www.irlbach.de/index.cfm?cid=182&documents.id=8859" }, "geometry": { "type": "Point", "coordinates": [ 1420228.797371663386002, 6248629.634288201108575 ] } },
{ "type": "Feature", "properties": { "id": 4715, "old_bplan": "old_bplan", "flooding_risk": "has_flooding_risk", "ROR": "Industrieregion Mittelfranken", "URL des Rasterbildes": "https://erlangen.de/uwao-api/faila/files/bypath/Dokumente/Maps/Bplan/275.pdf", "URL zur Legende": "https://erlangen.de/uwao-api/faila/files/bypath/Dokumente/Maps/Bplan/275.pdf", "URL der textlichen Festsetzung": "https://erlangen.de/uwao-api/faila/files/bypath/Dokumente/Maps/Bplan/275.pdf" }, "geometry": { "type": "Point", "coordinates": [ 1227748.653372674714774, 6377248.532056976109743 ] } },
{ "type": "Feature", "properties": { "id": 4706, "old_bplan": "old_bplan", "flooding_risk": "has_flooding_risk", "ROR": "Industrieregion Mittelfranken", "URL des Rasterbildes": "https://erlangen.de/uwao-api/faila/files/bypath/Dokumente/Maps/Bplan/180_2D.pdf", "URL zur Legende": "https://erlangen.de/uwao-api/faila/files/bypath/Dokumente/Maps/Bplan/180_2D.pdf", "URL der textlichen Festsetzung": "https://erlangen.de/uwao-api/faila/files/bypath/Dokumente/Maps/Bplan/180_2D.pdf" }, "geometry": { "type": "Point", "coordinates": [ 1228369.704227491747588, 6376895.01080115698278 ] } },
{ "type": "Feature", "properties": { "id": 17858, "old_bplan": "old_bplan", "flooding_risk": "has_flooding_risk", "ROR": "Industrieregion Mittelfranken", "URL des Rasterbildes": "https://service-on.schwabach.de/files/Schwabach/Schwarzach/SCHW-1-88/plan0.pdf", "URL zur Legende": "https://service-on.schwabach.de/files/Schwabach/Schwarzach/SCHW-1-88/Legende0.pdf", "URL der textlichen Festsetzung": "https://service-on.schwabach.de/files/Schwabach/Schwarzach/SCHW-1-88/Satzung0.pdf" }, "geometry": { "type": "Point", "coordinates": [ 1232461.904179298318923, 6331353.910664619877934 ] } },
{ "type": "Feature", "properties": { "id": 4706, "old_bplan": "old_bplan", "flooding_risk": "has_flooding_risk", "ROR": "Industrieregion Mittelfranken", "URL des Rasterbildes": "https://erlangen.de/uwao-api/faila/files/bypath/Dokumente/Maps/Bplan/180_2D.pdf", "URL zur Legende": "https://erlangen.de/uwao-api/faila/files/bypath/Dokumente/Maps/Bplan/180_2D.pdf", "URL der textlichen Festsetzung": "https://erlangen.de/uwao-api/faila/files/bypath/Dokumente/Maps/Bplan/180_2D.pdf" }, "geometry": { "type": "Point", "coordinates": [ 1228369.704227491747588, 6376895.01080115698278 ] } },
{ "type": "Feature", "properties": { "id": 4701, "old_bplan": "old_bplan", "flooding_risk": "has_flooding_risk", "ROR": "Industrieregion Mittelfranken", "URL des Rasterbildes": "https://erlangen.de/uwao-api/faila/files/bypath/Dokumente/Maps/Bplan/119.pdf", "URL zur Legende": "https://erlangen.de/uwao-api/faila/files/bypath/Dokumente/Maps/Bplan/119.pdf", "URL der textlichen Festsetzung": "https://erlangen.de/uwao-api/faila/files/bypath/Dokumente/Maps/Bplan/119.pdf" }, "geometry": { "type": "Point", "coordinates": [ 1229955.772564409067854, 6376723.027487515471876 ] } },
{ "type": "Feature", "properties": { "id": 22156, "old_bplan": "old_bplan", "flooding_risk": "has_flooding_risk", "ROR": "Ingolstadt", "URL des Rasterbildes": "https://wms1.riwagis.de/ingolstadt_gd_bp/bp-plaene/ingolstadt/110a.tif", "URL zur Legende": "https://wms1.riwagis.de/ingolstadt_gd_bp/bp-dateien/ingolstadt/110 a_grafik.pdf", "URL der textlichen Festsetzung": "https://wms1.riwagis.de/ingolstadt_gd_bp/bp-dateien/ingolstadt/110 a_grafik.pdf" }, "geometry": { "type": "Point", "coordinates": [ 1272263.679845761042088, 6229790.105495167896152 ] } },
{ "type": "Feature", "properties": { "id": 21757, "old_bplan": "old_bplan", "flooding_risk": "has_flooding_risk", "ROR": "Ingolstadt", "URL des Rasterbildes": "https://www.vohburg.de/fileadmin/user_upload/PDF_DATA/Satzungen/bauen/bebauungsplaene/irsching/LP_Irsching_Paarstra%C3%9Fe.pdf", "URL zur Legende": "Dieser Bebauungsplan wurde noch nicht eingescannt", "URL der textlichen Festsetzung": "Dieser Bebauungsplan wurde noch nicht eingescannt" }, "geometry": { "type": "Point", "coordinates": [ 1288388.095843888120726, 6234782.019544273614883 ] } },
{ "type": "Feature", "properties": { "id": 22212, "old_bplan": "old_bplan", "flooding_risk": "has_flooding_risk", "ROR": "Ingolstadt", "URL des Rasterbildes": "https://wms1.riwagis.de/ingolstadt_gd_bp/bp-plaene/ingolstadt/106_b_ae_i_2.tif", "URL zur Legende": "https://wms1.riwagis.de/ingolstadt_gd_bp/bp-dateien/ingolstadt/106 b ae i_grafik_2.pdf", "URL der textlichen Festsetzung": "https://wms1.riwagis.de/ingolstadt_gd_bp/bp-dateien/ingolstadt/106 b ae i_text_2.pdf" }, "geometry": { "type": "Point", "coordinates": [ 1274891.202693063998595, 6234089.688336208462715 ] } },
{ "type": "Feature", "properties": { "id": 22244, "old_bplan": "old_bplan", "flooding_risk": "has_flooding_risk", "ROR": "Ingolstadt", "URL des Rasterbildes": "https://wms1.riwagis.de/ingolstadt_gd_bp/bp-plaene/ingolstadt/177e.tif", "URL zur Legende": "https://wms1.riwagis.de/ingolstadt_gd_bp/bp-dateien/ingolstadt/177 e_grafik.pdf", "URL der textlichen Festsetzung": "https://wms1.riwagis.de/ingolstadt_gd_bp/bp-dateien/ingolstadt/177 e_text.pdf" }, "geometry": { "type": "Point", "coordinates": [ 1278571.811410534195602, 6231278.879646120592952 ] } },
{ "type": "Feature", "properties": { "id": 22614, "old_bplan": "old_bplan", "flooding_risk": "has_flooding_risk", "ROR": "Ingolstadt", "URL des Rasterbildes": "http://www.karlshuld.de/export/download.php?id=3594", "URL zur Legende": "http://www.karlshuld.de/export/download.php?id=3594", "URL der textlichen Festsetzung": "http://www.karlshuld.de/export/download.php?id=3594" }, "geometry": { "type": "Point", "coordinates": [ 1256473.189724209951237, 6222693.944925057701766 ] } },
{ "type": "Feature", "properties": { "id": 22771, "old_bplan": "old_bplan", "flooding_risk": "has_flooding_risk", "ROR": "Landshut", "URL des Rasterbildes": "http://www.landkreis-landshut.de/Bebauungsplaene/Ergoldsbach/Klaeham_West/Klaeham_West/Plan.pdf", "URL zur Legende": "http://www.landkreis-landshut.de/Bebauungsplaene/Ergoldsbach/Klaeham_West/Klaeham_West/Legende.pdf", "URL der textlichen Festsetzung": "http://www.landkreis-landshut.de/Bebauungsplaene/Ergoldsbach/Klaeham_West/Klaeham_West/Text.pdf" }, "geometry": { "type": "Point", "coordinates": [ 1355452.769054304109886, 6218975.816547923721373 ] } },
{ "type": "Feature", "properties": { "id": 24436, "old_bplan": "old_bplan", "flooding_risk": "has_flooding_risk", "ROR": "Landshut", "URL des Rasterbildes": "http://www.landkreis-landshut.de/Bebauungsplaene/Altdorf/Kreisstrasse_LA52_neu/Kreisstrasse_LA52_neu/Plan.pdf", "URL zur Legende": "http://www.landkreis-landshut.de/Bebauungsplaene/Altdorf/Kreisstrasse_LA52_neu/Kreisstrasse_LA52_neu/Legende.pdf", "URL der textlichen Festsetzung": "http://www.landkreis-landshut.de/Bebauungsplaene/Altdorf/Kreisstrasse_LA52_neu/Kreisstrasse_LA52_neu/Text.pdf" }, "geometry": { "type": "Point", "coordinates": [ 1344942.351961211767048, 6197662.089342148043215 ] } },
{ "type": "Feature", "properties": { "id": 23869, "old_bplan": "old_bplan", "flooding_risk": "has_flooding_risk", "ROR": "Landshut", "URL des Rasterbildes": "http://www.landkreis-landshut.de/Bebauungsplaene/Essenbach/Am_Bahnhof_II/Am_Bahnhof_II/Plan.jpg", "URL zur Legende": "http://www.landkreis-landshut.de/Bebauungsplaene/Essenbach/Am_Bahnhof_II/Am_Bahnhof_II/Legende.pdf", "URL der textlichen Festsetzung": "http://www.landkreis-landshut.de/Bebauungsplaene/Essenbach/Am_Bahnhof_II/Am_Bahnhof_II/Text.pdf" }, "geometry": { "type": "Point", "coordinates": [ 1357290.587304423097521, 6203774.93569708801806 ] } },
{ "type": "Feature", "properties": { "id": 23877, "old_bplan": "old_bplan", "flooding_risk": "has_flooding_risk", "ROR": "Landshut", "URL des Rasterbildes": "https://wms1.riwagis.de/ergolding_gd_bp/bp-dateien/ergolding/E01 Legende.pdf", "URL zur Legende": "https://wms1.riwagis.de/ergolding_gd_bp/bp-dateien/ergolding/E01 Legende.pdf", "URL der textlichen Festsetzung": "https://wms1.riwagis.de/ergolding_gd_bp/bp-dateien/ergolding/E01 Text.pdf" }, "geometry": { "type": "Point", "coordinates": [ 1350564.128815327771008, 6206421.567801461555064 ] } },
{ "type": "Feature", "properties": { "id": 23896, "old_bplan": "old_bplan", "flooding_risk": "has_flooding_risk", "ROR": "Landshut", "URL des Rasterbildes": "http://www.landkreis-landshut.de/Bebauungsplaene/Essenbach/Industriegebiet/Industriegebiet/Plan.jpg", "URL zur Legende": "http://www.landkreis-landshut.de/Bebauungsplaene/Essenbach/Industriegebiet/Industriegebiet/Legende.pdf", "URL der textlichen Festsetzung": "http://www.landkreis-landshut.de/Bebauungsplaene/Essenbach/Industriegebiet/Industriegebiet/Text.pdf" }, "geometry": { "type": "Point", "coordinates": [ 1358427.42317795404233, 6204648.772873549722135 ] } },
{ "type": "Feature", "properties": { "id": 746, "old_bplan": "old_bplan", "flooding_risk": "has_flooding_risk", "ROR": "Main-Rhön", "URL des Rasterbildes": "https://www.schweinfurt.de/leben-freizeit/bauen-wohnen/stadtentwicklung/m_11185", "URL zur Legende": "https://www.schweinfurt.de/leben-freizeit/bauen-wohnen/stadtentwicklung/m_11185", "URL der textlichen Festsetzung": "https://www.schweinfurt.de/leben-freizeit/bauen-wohnen/stadtentwicklung/m_11185" }, "geometry": { "type": "Point", "coordinates": [ 1140213.799632964655757, 6452072.178367666900158 ] } },
{ "type": "Feature", "properties": { "id": 1284, "old_bplan": "old_bplan", "flooding_risk": "has_flooding_risk", "ROR": "Main-Rhön", "URL des Rasterbildes": "Dieser Bebauungsplan wurde noch nicht eingescannt", "URL zur Legende": "Dieser Bebauungsplan wurde noch nicht eingescannt", "URL der textlichen Festsetzung": "Dieser Bebauungsplan wurde noch nicht eingescannt" }, "geometry": { "type": "Point", "coordinates": [ 1135776.929381682304665, 6448769.168015262112021 ] } },
{ "type": "Feature", "properties": { "id": 1390, "old_bplan": "old_bplan", "flooding_risk": "has_flooding_risk", "ROR": "Main-Rhön", "URL des Rasterbildes": "https://geodaten.hassberge.de/bayernatlas/bplan/zeil/lebensmittelmarkt_sander_strasse.pdf", "URL zur Legende": "https://geodaten.hassberge.de/bayernatlas/bplan/zeil/lebensmittelmarkt_sander_strasse.pdf", "URL der textlichen Festsetzung": "https://geodaten.hassberge.de/bayernatlas/bplan/zeil/lebensmittelmarkt_sander_strasse.pdf" }, "geometry": { "type": "Point", "coordinates": [ 1179092.917614421108738, 6446982.423575304448605 ] } },
{ "type": "Feature", "properties": { "id": 689, "old_bplan": "old_bplan", "flooding_risk": "has_flooding_risk", "ROR": "Main-Rhön", "URL des Rasterbildes": "https://www.schweinfurt.de/leben-freizeit/bauen-wohnen/stadtentwicklung/m_11170", "URL zur Legende": "https://www.schweinfurt.de/leben-freizeit/bauen-wohnen/stadtentwicklung/m_11170", "URL der textlichen Festsetzung": "https://www.schweinfurt.de/leben-freizeit/bauen-wohnen/stadtentwicklung/m_11170" }, "geometry": { "type": "Point", "coordinates": [ 1139210.563636721577495, 6452798.330136376433074 ] } },
{ "type": "Feature", "properties": { "id": 2469, "old_bplan": "old_bplan", "flooding_risk": "has_flooding_risk", "ROR": "Main-Rhön", "URL des Rasterbildes": "https://okgis.osrz-akdb.de/swf/downloads/09678_134_025_000/WEISSEMARTER_EF.PII", "URL zur Legende": "https://okgis.osrz-akdb.de/swf/downloads/bplan/286d72df-ee49-468e-bcfd-48c1e6176686/09678_134_025_000/WeisseMarter_EF_Fest.pdf", "URL der textlichen Festsetzung": "https://okgis.osrz-akdb.de/swf/downloads/bplan/286d72df-ee49-468e-bcfd-48c1e6176686/09678_134_025_000/WeisseMarter_EF_Fest.pdf" }, "geometry": { "type": "Point", "coordinates": [ 1150520.685119623318315, 6429437.441438184119761 ] } },
{ "type": "Feature", "properties": { "id": 8999, "old_bplan": "old_bplan", "flooding_risk": "has_flooding_risk", "ROR": "München", "URL des Rasterbildes": "https://olching.digiportal.de/_Resources/Persistent/c/f/9/e/cf9eb005ef28ae4c2245214aec0de280cc1fa9a2/075_Josef-Kistler-Weg%20Satzung.pdf", "URL zur Legende": "https://olching.digiportal.de/_Resources/Persistent/c/f/9/e/cf9eb005ef28ae4c2245214aec0de280cc1fa9a2/075_Josef-Kistler-Weg%20Satzung.pdf", "URL der textlichen Festsetzung": "https://olching.digiportal.de/_Resources/Persistent/c/f/9/e/cf9eb005ef28ae4c2245214aec0de280cc1fa9a2/075_Josef-Kistler-Weg%20Satzung.pdf" }, "geometry": { "type": "Point", "coordinates": [ 1265007.714309996459633, 6146098.689528631977737 ] } },
{ "type": "Feature", "properties": { "id": 10087, "old_bplan": "old_bplan", "flooding_risk": "has_flooding_risk", "ROR": "München", "URL des Rasterbildes": "Dieser Bebauungsplan wurde noch nicht eingescannt", "URL zur Legende": "Dieser Bebauungsplan wurde noch nicht eingescannt", "URL der textlichen Festsetzung": "Dieser Bebauungsplan wurde noch nicht eingescannt" }, "geometry": { "type": "Point", "coordinates": [ 1264042.232580900192261, 6136462.437699550762773 ] } },
{ "type": "Feature", "properties": { "id": 9060, "old_bplan": "old_bplan", "flooding_risk": "has_flooding_risk", "ROR": "München", "URL des Rasterbildes": "http://www.dachau.de/uploads/pics/25_79_Gesamtfassung.pdf", "URL zur Legende": "http://www.dachau.de/uploads/pics/25_79_Gesamtfassung.pdf", "URL der textlichen Festsetzung": "http://www.dachau.de/uploads/pics/25_79_Gesamtfassung.pdf" }, "geometry": { "type": "Point", "coordinates": [ 1273364.55686702625826, 6149481.856977007351816 ] } },
{ "type": "Feature", "properties": { "id": 6511, "old_bplan": "old_bplan", "flooding_risk": "has_flooding_risk", "ROR": "München", "URL des Rasterbildes": "http://www.karten.kreis-freising.de/daten/BP/Freising/Fre-S-0570-B.pdf", "URL zur Legende": "Dieser Bebauungsplan wurde noch nicht eingescannt", "URL der textlichen Festsetzung": "http://www.karten.kreis-freising.de/daten/BP/Freising/Fre-S-0570-F.pdf" }, "geometry": { "type": "Point", "coordinates": [ 1307288.502384649589658, 6173115.540881698019803 ] } },
{ "type": "Feature", "properties": { "id": 6516, "old_bplan": "old_bplan", "flooding_risk": "has_flooding_risk", "ROR": "München", "URL des Rasterbildes": "https://karten.kreis-freising.de/daten/BP/Freising/Fre-B-0055-B.pdf", "URL zur Legende": "https://karten.kreis-freising.de/daten/BP/Freising/Fre-B-0055-B.pdf", "URL der textlichen Festsetzung": "https://karten.kreis-freising.de/daten/BP/Freising/Fre-B-0055-B.pdf" }, "geometry": { "type": "Point", "coordinates": [ 1306973.199642973253503, 6173163.314024375751615 ] } },
{ "type": "Feature", "properties": { "id": 3809, "old_bplan": "old_bplan", "flooding_risk": "has_flooding_risk", "ROR": "Oberfranken-Ost", "URL des Rasterbildes": "http://egov.landkreis-bayreuth.de/Externes/Bebauungsplaene/BPlan-Pegnitz-061-000-000.pdf", "URL zur Legende": "http://egov.landkreis-bayreuth.de/Externes/Bebauungsplaene/BPlan-Pegnitz-061-000-000.pdf", "URL der textlichen Festsetzung": "http://egov.landkreis-bayreuth.de/Externes/Bebauungsplaene/BPlan-Pegnitz-061-000-000.pdf" }, "geometry": { "type": "Point", "coordinates": [ 1284577.004615012789145, 6403921.078701222315431 ] } },
{ "type": "Feature", "properties": { "id": 348, "old_bplan": "old_bplan", "flooding_risk": "has_flooding_risk", "ROR": "Oberfranken-Ost", "URL des Rasterbildes": "https://wms1.riwagis.de/kulmbach_lk_bp/bp-plaene/kulmbach/477128178_plan_geo.tif", "URL zur Legende": "https://wms1.riwagis.de/kulmbach_lk_bp/bp-dateien/kulmbach/477128178_legende.pdf", "URL der textlichen Festsetzung": "https://wms1.riwagis.de/kulmbach_lk_bp/bp-dateien/kulmbach/477128178_begruendung.pdf" }, "geometry": { "type": "Point", "coordinates": [ 1269242.060312548652291, 6462104.022545603103936 ] } },
{ "type": "Feature", "properties": { "id": 369, "old_bplan": "old_bplan", "flooding_risk": "has_flooding_risk", "ROR": "Oberfranken-Ost", "URL des Rasterbildes": "https://wms1.riwagis.de/kulmbach_lk_bp/bp-plaene/himmelkron/477121015_plan_geo.tif", "URL zur Legende": "https://wms1.riwagis.de/kulmbach_lk_bp/bp-dateien/himmelkron/477121015_legende.pdf", "URL der textlichen Festsetzung": "https://wms1.riwagis.de/kulmbach_lk_bp/bp-dateien/himmelkron/477121015_legende.pdf" }, "geometry": { "type": "Point", "coordinates": [ 1291967.960366887273267, 6457645.958272453397512 ] } },
{ "type": "Feature", "properties": { "id": 3816, "old_bplan": "old_bplan", "flooding_risk": "has_flooding_risk", "ROR": "Oberfranken-Ost", "URL des Rasterbildes": "http://egov.landkreis-bayreuth.de/Externes/Bebauungsplaene/BPlan-Pegnitz-036-000-000.pdf", "URL zur Legende": "http://egov.landkreis-bayreuth.de/Externes/Bebauungsplaene/BPlan-Pegnitz-036-000-001.pdf", "URL der textlichen Festsetzung": "http://egov.landkreis-bayreuth.de/Externes/Bebauungsplaene/BPlan-Pegnitz-036-000-002.pdf" }, "geometry": { "type": "Point", "coordinates": [ 1285331.820269329007715, 6405707.794237388297915 ] } },
{ "type": "Feature", "properties": { "id": 2185, "old_bplan": "old_bplan", "flooding_risk": "has_flooding_risk", "ROR": "Oberfranken-Ost", "URL des Rasterbildes": "https://www.o-sp.de/download/bayreuth/174507", "URL zur Legende": "https://www.o-sp.de/download/bayreuth/174507", "URL der textlichen Festsetzung": "https://www.o-sp.de/download/bayreuth/174507" }, "geometry": { "type": "Point", "coordinates": [ 1287837.367311332607642, 6437372.956710392609239 ] } },
{ "type": "Feature", "properties": { "id": 2012, "old_bplan": "old_bplan", "flooding_risk": "has_flooding_risk", "ROR": "Oberfranken-West", "URL des Rasterbildes": "http://www.oberhaid.de/fileadmin/user_upload/downloads/Bebauungsplaene/Gewerbegebiet_Unterhaid_West_neu.pdf", "URL zur Legende": "http://www.oberhaid.de/fileadmin/user_upload/downloads/Bebauungsplaene/Festsetzungen_Gewerbegebiet_Unterhaid_West.pdf", "URL der textlichen Festsetzung": "http://www.oberhaid.de/fileadmin/user_upload/downloads/Bebauungsplaene/Festsetzungen_Gewerbegebiet_Unterhaid_West.pdf" }, "geometry": { "type": "Point", "coordinates": [ 1200424.727170838275924, 6435312.985121045261621 ] } },
{ "type": "Feature", "properties": { "id": 4282, "old_bplan": "old_bplan", "flooding_risk": "has_flooding_risk", "ROR": "Oberfranken-West", "URL des Rasterbildes": "https://wms1.riwagis.de/forchheim_gd_bp/bp-plaene/forchheim/6_7_3.tif", "URL zur Legende": "https://wms1.riwagis.de/forchheim_gd_bp/bp-dateien/forchheim/bp_6_7_3_noerdlich_des_industriegebietes_an_der_laende.pdf", "URL der textlichen Festsetzung": "https://wms1.riwagis.de/forchheim_gd_bp/bp-dateien/forchheim/bp_6_7_3_noerdlich_des_industriegebietes_an_der_laende.pdf" }, "geometry": { "type": "Point", "coordinates": [ 1230393.219363823067397, 6396595.367941341362894 ] } },
{ "type": "Feature", "properties": { "id": 250, "old_bplan": "old_bplan", "flooding_risk": "has_flooding_risk", "ROR": "Oberfranken-West", "URL des Rasterbildes": "https://wms1.riwagis.de/lichtenfels_lk_bp/bp-plaene/ebensfeld/geostrichen.tif", "URL zur Legende": "https://wms1.riwagis.de/lichtenfels_lk_bp/bp-dateien/ebensfeld/strichenfestsetzungen.pdf", "URL der textlichen Festsetzung": "https://wms1.riwagis.de/lichtenfels_lk_bp/bp-dateien/ebensfeld/strichenfestsetzungen.pdf" }, "geometry": { "type": "Point", "coordinates": [ 1219110.453752937493846, 6457420.869125586003065 ] } },
{ "type": "Feature", "properties": { "id": 26956, "old_bplan": "old_bplan", "flooding_risk": "has_flooding_risk", "ROR": "Oberfranken-West", "URL des Rasterbildes": "https://wms1.riwagis.de/bp_nodata.html", "URL zur Legende": "https://wms1.riwagis.de/bp_nodata.html", "URL der textlichen Festsetzung": "https://wms1.riwagis.de/bp_nodata.html" }, "geometry": { "type": "Point", "coordinates": [ 1239073.627266152296215, 6473635.824179010465741 ] } },
{ "type": "Feature", "properties": { "id": 3776, "old_bplan": "old_bplan", "flooding_risk": "has_flooding_risk", "ROR": "Oberfranken-West", "URL des Rasterbildes": "http://www.ebermannstadt.de/uploads/buergerservice/bebauungsplaene/peunt3.pdf", "URL zur Legende": "http://www.ebermannstadt.de/uploads/buergerservice/bebauungsplaene/peunt3text.pdf", "URL der textlichen Festsetzung": "http://www.ebermannstadt.de/uploads/buergerservice/bebauungsplaene/peunt3text.pdf" }, "geometry": { "type": "Point", "coordinates": [ 1244598.952554507413879, 6408061.951086288318038 ] } },
{ "type": "Feature", "properties": { "id": 25728, "old_bplan": "old_bplan", "flooding_risk": "has_flooding_risk", "ROR": "Oberland", "URL des Rasterbildes": "https://wms1.riwagis.de/garmisch_lk_bp/bp-plaene/grainau/grainau_32_0_plan.tif", "URL zur Legende": "https://wms1.riwagis.de/garmisch_lk_bp/bp-dateien/grainau/grainau_32_0_legende.pdf", "URL der textlichen Festsetzung": "https://wms1.riwagis.de/garmisch_lk_bp/bp-dateien/grainau/grainau_32_0_plan.pdf" }, "geometry": { "type": "Point", "coordinates": [ 1229996.803525876253843, 6019772.484778257086873 ] } },
{ "type": "Feature", "properties": { "id": 15505, "old_bplan": "old_bplan", "flooding_risk": "has_flooding_risk", "ROR": "Oberland", "URL des Rasterbildes": "https://wms1.riwagis.de/bp_nodata.html", "URL zur Legende": "https://wms1.riwagis.de/bp_nodata.html", "URL der textlichen Festsetzung": "https://wms1.riwagis.de/bp_nodata.html" }, "geometry": { "type": "Point", "coordinates": [ 1303574.462946921819821, 6060227.134807995520532 ] } },
{ "type": "Feature", "properties": { "id": 14815, "old_bplan": "old_bplan", "flooding_risk": "has_flooding_risk", "ROR": "Oberland", "URL des Rasterbildes": "https://wms1.riwagis.de/weilheim_lk_bp/bp-dateien/peissenberg/pb_059_bpl.pdf", "URL zur Legende": "https://wms1.riwagis.de/weilheim_lk_bp/bp-dateien/peissenberg/pb_059_bpl.pdf", "URL der textlichen Festsetzung": "https://wms1.riwagis.de/weilheim_lk_bp/bp-dateien/peissenberg/pb_059_bpl.pdf" }, "geometry": { "type": "Point", "coordinates": [ 1232392.441265275003389, 6074405.512712269090116 ] } },
{ "type": "Feature", "properties": { "id": 13142, "old_bplan": "old_bplan", "flooding_risk": "has_flooding_risk", "ROR": "Oberland", "URL des Rasterbildes": "https://wms1.riwagis.de/toelz_lk_bp/bp-plaene/wolfratshausen/077_000_isarstr_plan_tc.tif", "URL zur Legende": "https://wms1.riwagis.de/toelz_lk_bp/bp-dateien/wolfratshausen/077_000_isarstr_leg.pdf", "URL der textlichen Festsetzung": "https://wms1.riwagis.de/toelz_lk_bp/bp-dateien/wolfratshausen/077_000_isarstr_begr.pdf" }, "geometry": { "type": "Point", "coordinates": [ 1273499.938921091146767, 6092736.132252237759531 ] } },
{ "type": "Feature", "properties": { "id": 14780, "old_bplan": "old_bplan", "flooding_risk": "has_flooding_risk", "ROR": "Oberland", "URL des Rasterbildes": "https://wms1.riwagis.de/bp_nodata.html", "URL zur Legende": "https://wms1.riwagis.de/bp_nodata.html", "URL der textlichen Festsetzung": "https://wms1.riwagis.de/bp_nodata.html" }, "geometry": { "type": "Point", "coordinates": [ 1230013.338759898906574, 6070774.753868723288178 ] } },
{ "type": "Feature", "properties": { "id": 18620, "old_bplan": "old_bplan", "flooding_risk": "has_flooding_risk", "ROR": "Oberpfalz-Nord", "URL des Rasterbildes": "https://geodaten.landkreis-schwandorf.de/portal/apps/dashboards/1f7936924fcc4a75999bd097c816ddfa#pnr=119_060", "URL zur Legende": "https://geodaten.landkreis-schwandorf.de/portal/apps/dashboards/1f7936924fcc4a75999bd097c816ddfa#pnr=119_060", "URL der textlichen Festsetzung": "https://geodaten.landkreis-schwandorf.de/portal/apps/dashboards/1f7936924fcc4a75999bd097c816ddfa#pnr=119_060" }, "geometry": { "type": "Point", "coordinates": [ 1339995.472951526753604, 6311470.2102415189147 ] } },
{ "type": "Feature", "properties": { "id": 17406, "old_bplan": "old_bplan", "flooding_risk": "has_flooding_risk", "ROR": "Oberpfalz-Nord", "URL des Rasterbildes": "https://geodaten.landkreis-schwandorf.de/portal/apps/dashboards/1f7936924fcc4a75999bd097c816ddfa#pnr=169_005", "URL zur Legende": "https://geodaten.landkreis-schwandorf.de/portal/apps/dashboards/1f7936924fcc4a75999bd097c816ddfa#pnr=169_005", "URL der textlichen Festsetzung": "https://geodaten.landkreis-schwandorf.de/portal/apps/dashboards/1f7936924fcc4a75999bd097c816ddfa#pnr=169_005" }, "geometry": { "type": "Point", "coordinates": [ 1353266.685995674226433, 6344710.248003833927214 ] } },
{ "type": "Feature", "properties": { "id": 18643, "old_bplan": "old_bplan", "flooding_risk": "has_flooding_risk", "ROR": "Oberpfalz-Nord", "URL des Rasterbildes": "https://geodaten.landkreis-schwandorf.de/portal/apps/dashboards/1f7936924fcc4a75999bd097c816ddfa#pnr=170_004", "URL zur Legende": "https://geodaten.landkreis-schwandorf.de/portal/apps/dashboards/1f7936924fcc4a75999bd097c816ddfa#pnr=170_004", "URL der textlichen Festsetzung": "https://geodaten.landkreis-schwandorf.de/portal/apps/dashboards/1f7936924fcc4a75999bd097c816ddfa#pnr=170_004" }, "geometry": { "type": "Point", "coordinates": [ 1344633.331663769669831, 6315371.709478345699608 ] } },
{ "type": "Feature", "properties": { "id": 17040, "old_bplan": "old_bplan", "flooding_risk": "has_flooding_risk", "ROR": "Oberpfalz-Nord", "URL des Rasterbildes": "http://geodaten.amberg.de/bplan/Einzeluebersicht/AM_15B_Sanierungsgebiet_B.htm", "URL zur Legende": "http://geodaten.amberg.de/bplan/Einzeluebersicht/AM_15B_Sanierungsgebiet_B.htm", "URL der textlichen Festsetzung": "http://geodaten.amberg.de/bplan/Einzeluebersicht/AM_15B_Sanierungsgebiet_B.htm" }, "geometry": { "type": "Point", "coordinates": [ 1319763.65952733438462, 6350944.955168657936156 ] } },
{ "type": "Feature", "properties": { "id": 17395, "old_bplan": "old_bplan", "flooding_risk": "has_flooding_risk", "ROR": "Oberpfalz-Nord", "URL des Rasterbildes": "https://geodaten.landkreis-schwandorf.de/portal/apps/dashboards/1f7936924fcc4a75999bd097c816ddfa#pnr=163017", "URL zur Legende": "https://geodaten.landkreis-schwandorf.de/portal/apps/dashboards/1f7936924fcc4a75999bd097c816ddfa#pnr=163017", "URL der textlichen Festsetzung": "https://geodaten.landkreis-schwandorf.de/portal/apps/dashboards/1f7936924fcc4a75999bd097c816ddfa#pnr=163017" }, "geometry": { "type": "Point", "coordinates": [ 1351451.306573901092634, 6340639.9762476477772 ] } },
{ "type": "Feature", "properties": { "id": 21813, "old_bplan": "old_bplan", "flooding_risk": "has_flooding_risk", "ROR": "Regensburg", "URL des Rasterbildes": "https://wms1.riwagis.de/kelheim_lk_bp/bp-plaene/neustadt a.d.donau/ochsenwiese-0.tif", "URL zur Legende": "https://wms1.riwagis.de/kelheim_lk_bp/bp-dateien/neustadt a.d.donau/g-ochsenwiese.pdf", "URL der textlichen Festsetzung": "https://wms1.riwagis.de/kelheim_lk_bp/bp-dateien/neustadt a.d.donau/ochsenwiese.pdf" }, "geometry": { "type": "Point", "coordinates": [ 1302920.81759772868827, 6236677.796985325403512 ] } },
{ "type": "Feature", "properties": { "id": 20452, "old_bplan": "old_bplan", "flooding_risk": "has_flooding_risk", "ROR": "Regensburg", "URL des Rasterbildes": "https://wms1.riwagis.de/kelheim_lk_bp/bp-plaene/kelheim/hafengebiet_ueberarbeitung-0.tif", "URL zur Legende": "https://wms1.riwagis.de/kelheim_lk_bp/bp-dateien/kelheim/g-hafengebiet_ueberarbeitung.pdf", "URL der textlichen Festsetzung": "https://wms1.riwagis.de/kelheim_lk_bp/bp-dateien/kelheim/hafengebiet_ueberarbeitung.pdf" }, "geometry": { "type": "Point", "coordinates": [ 1325213.174910084344447, 6259247.317657211795449 ] } },
{ "type": "Feature", "properties": { "id": 21268, "old_bplan": "old_bplan", "flooding_risk": "has_flooding_risk", "ROR": "Regensburg", "URL des Rasterbildes": "https://wms1.riwagis.de/kelheim_lk_bp/bp-plaene/neustadt a.d.donau/so_nordwest-0.tif", "URL zur Legende": "https://wms1.riwagis.de/kelheim_lk_bp/bp-dateien/neustadt a.d.donau/g-so_nordwest.pdf", "URL der textlichen Festsetzung": "https://wms1.riwagis.de/kelheim_lk_bp/bp-dateien/neustadt a.d.donau/so_nordwest.pdf" }, "geometry": { "type": "Point", "coordinates": [ 1308839.79244856745936, 6243099.187248853035271 ] } },
{ "type": "Feature", "properties": { "id": 21269, "old_bplan": "old_bplan", "flooding_risk": "has_flooding_risk", "ROR": "Regensburg", "URL des Rasterbildes": "https://wms1.riwagis.de/kelheim_lk_bp/bp-plaene/neustadt a.d.donau/kurzentrum-0.tif", "URL zur Legende": "https://wms1.riwagis.de/kelheim_lk_bp/bp-dateien/neustadt a.d.donau/g-kurzentrum.pdf", "URL der textlichen Festsetzung": "https://wms1.riwagis.de/kelheim_lk_bp/bp-dateien/neustadt a.d.donau/kurzentrum.pdf" }, "geometry": { "type": "Point", "coordinates": [ 1311992.819865331053734, 6243424.04461906477809 ] } },
{ "type": "Feature", "properties": { "id": 23334, "old_bplan": "old_bplan", "flooding_risk": "has_flooding_risk", "ROR": "Regensburg", "URL des Rasterbildes": "https://wms1.riwagis.de/kelheim_lk_bp/bp-plaene/mainburg/koeglmuehle_ge_mi-0.tif", "URL zur Legende": "https://wms1.riwagis.de/kelheim_lk_bp/bp-dateien/mainburg/g-koeglmuehle_ge_mi.pdf", "URL der textlichen Festsetzung": "https://wms1.riwagis.de/kelheim_lk_bp/bp-dateien/mainburg/koeglmuehle_ge_mi.pdf" }, "geometry": { "type": "Point", "coordinates": [ 1311984.48527079122141, 6215031.848283196799457 ] } },
{ "type": "Feature", "properties": { "id": 15627, "old_bplan": "old_bplan", "flooding_risk": "has_flooding_risk", "ROR": "Südostoberbayern", "URL des Rasterbildes": "https://wms1.riwagis.de/traunstein_lk_bp/bp-dateien/unterwoessen/windsee_plan.pdf", "URL zur Legende": "https://wms1.riwagis.de/traunstein_lk_bp/bp-dateien/unterwoessen/windsee_legende.pdf", "URL der textlichen Festsetzung": "https://wms1.riwagis.de/traunstein_lk_bp/bp-dateien/unterwoessen/windsee_beschluss.pdf" }, "geometry": { "type": "Point", "coordinates": [ 1383996.825612409040332, 6061582.550028947182 ] } },
{ "type": "Feature", "properties": { "id": 11748, "old_bplan": "old_bplan", "flooding_risk": "has_flooding_risk", "ROR": "Südostoberbayern", "URL des Rasterbildes": "https://wms1.riwagis.de/traunstein_lk_bp/bp-dateien/altenmarkt a.d.alz/auweg_sportplatz_plan.pdf", "URL zur Legende": "https://wms1.riwagis.de/traunstein_lk_bp/bp-dateien/altenmarkt a.d.alz/auweg_sportplatz_legende.pdf", "URL der textlichen Festsetzung": "https://wms1.riwagis.de/traunstein_lk_bp/bp-dateien/altenmarkt a.d.alz/auweg_sportplatz_plan.pdf" }, "geometry": { "type": "Point", "coordinates": [ 1395510.258376302197576, 6107811.084750055335462 ] } },
{ "type": "Feature", "properties": { "id": 14547, "old_bplan": "old_bplan", "flooding_risk": "has_flooding_risk", "ROR": "Südostoberbayern", "URL des Rasterbildes": "https://wms1.riwagis.de/traunstein_lk_bp/bp-dateien/uebersee/uebersee_ortsmitte_plan.pdf", "URL zur Legende": "https://wms1.riwagis.de/traunstein_lk_bp/bp-dateien/uebersee/uebersee_ortsmitte_legende.pdf", "URL der textlichen Festsetzung": "https://wms1.riwagis.de/traunstein_lk_bp/bp-dateien/uebersee/uebersee_ortsmitte_plan.pdf" }, "geometry": { "type": "Point", "coordinates": [ 1389906.2688235596288, 6077057.543074396438897 ] } },
{ "type": "Feature", "properties": { "id": 8641, "old_bplan": "old_bplan", "flooding_risk": "has_flooding_risk", "ROR": "Südostoberbayern", "URL des Rasterbildes": "https://wms1.riwagis.de/altoetting_lk_bp/bp-plaene/neuoetting/026_000_st-anna-strasse_tc.tif", "URL zur Legende": "https://wms1.riwagis.de/altoetting_lk_bp/bp-dateien/neuoetting/026-000_st-anna-strasse_leg.pdf", "URL der textlichen Festsetzung": "https://wms1.riwagis.de/altoetting_lk_bp/bp-dateien/neuoetting/026_000_st-anna-strasse_bgr.pdf" }, "geometry": { "type": "Point", "coordinates": [ 1410989.648911804892123, 6147257.892061039805412 ] } },
{ "type": "Feature", "properties": { "id": 14008, "old_bplan": "old_bplan", "flooding_risk": "has_flooding_risk", "ROR": "Südostoberbayern", "URL des Rasterbildes": "https://wms1.riwagis.de/traunstein_lk_bp/bp-plaene/siegsdorf/marienstr_ae0.tif", "URL zur Legende": "https://wms1.riwagis.de/traunstein_lk_bp/bp-dateien/siegsdorf/marienstr_ae0_legende.pdf", "URL der textlichen Festsetzung": "https://wms1.riwagis.de/traunstein_lk_bp/bp-dateien/siegsdorf/marienstr_ae0_legende.pdf" }, "geometry": { "type": "Point", "coordinates": [ 1407655.460051045753062, 6077524.583732774481177 ] } },
{ "type": "Feature", "properties": { "id": 16855, "old_bplan": "old_bplan", "flooding_risk": "has_flooding_risk", "ROR": "Westmittelfranken", "URL des Rasterbildes": "http://www.obernzenn.de/cms2/fileadmin/PDF/INFORMIEREN/Bauland/obernzenn_bbp_05.0_windbuck_1plan.PDF", "URL zur Legende": "http://www.obernzenn.de/cms2/fileadmin/PDF/INFORMIEREN/Bauland/obernzenn_bbp_05.0_windbuck_1plan.PDF", "URL der textlichen Festsetzung": "http://www.obernzenn.de/cms2/fileadmin/PDF/INFORMIEREN/Bauland/obernzenn_bbp_05.0_windbuck_1plan.PDF" }, "geometry": { "type": "Point", "coordinates": [ 1165838.243110836017877, 6351703.641040668822825 ] } },
{ "type": "Feature", "properties": { "id": 16116, "old_bplan": "old_bplan", "flooding_risk": "has_flooding_risk", "ROR": "Westmittelfranken", "URL des Rasterbildes": "http://www.neustadt-aisch.de/sites/gensite.asp?SID=cms070820121337414109765&Art=198", "URL zur Legende": "http://www.neustadt-aisch.de/sites/gensite.asp?SID=cms070820121337414109765&Art=198", "URL der textlichen Festsetzung": "http://www.neustadt-aisch.de/sites/gensite.asp?SID=cms070820121337414109765&Art=198" }, "geometry": { "type": "Point", "coordinates": [ 1180222.390215011779219, 6373983.058846946805716 ] } },
{ "type": "Feature", "properties": { "id": 20009, "old_bplan": "old_bplan", "flooding_risk": "has_flooding_risk", "ROR": "Westmittelfranken", "URL des Rasterbildes": "https://gis-daten.treuchtlingen.de/bebauungsplan/tr_33_p.pdf", "URL zur Legende": "https://gis-daten.treuchtlingen.de/bebauungsplan/tr_33_l.pdf", "URL der textlichen Festsetzung": "https://gis-daten.treuchtlingen.de/bebauungsplan/tr_33_t.pdf" }, "geometry": { "type": "Point", "coordinates": [ 1214893.33582153217867, 6268893.949515784159303 ] } },
{ "type": "Feature", "properties": { "id": 19582, "old_bplan": "old_bplan", "flooding_risk": "has_flooding_risk", "ROR": "Westmittelfranken", "URL des Rasterbildes": "https://wms1.riwagis.de/ansbach_lk_bp/bp-dateien/wassertruedingen/bplan-wassertruedingen-020-00-p.pdf", "URL zur Legende": "https://wms1.riwagis.de/ansbach_lk_bp/bp-dateien/wassertruedingen/bplan-wassertruedingen-020-00-l.pdf", "URL der textlichen Festsetzung": "https://wms1.riwagis.de/ansbach_lk_bp/bp-dateien/wassertruedingen/bplan-wassertruedingen-020-00-p.pdf" }, "geometry": { "type": "Point", "coordinates": [ 1180263.761307640234008, 6281363.929705940186977 ] } },
{ "type": "Feature", "properties": { "id": 20403, "old_bplan": "old_bplan", "flooding_risk": "has_flooding_risk", "ROR": "Westmittelfranken", "URL des Rasterbildes": "https://intranet.landkreis-wug.de/media/5777/pappenheim_schuetzenstrasse_auf_der_lach_grucogelaende.pdf", "URL zur Legende": "https://intranet.landkreis-wug.de/media/5777/pappenheim_schuetzenstrasse_auf_der_lach_grucogelaende.pdf", "URL der textlichen Festsetzung": "https://intranet.landkreis-wug.de/media/5777/pappenheim_schuetzenstrasse_auf_der_lach_grucogelaende.pdf" }, "geometry": { "type": "Point", "coordinates": [ 1221510.541494945297018, 6263154.33504400216043 ] } },
{ "type": "Feature", "properties": { "id": 3686, "old_bplan": "old_bplan", "flooding_risk": "has_flooding_risk", "ROR": "Würzburg", "URL des Rasterbildes": "http://www.kitzingen.de/m_30195", "URL zur Legende": "http://www.kitzingen.de/m_30194", "URL der textlichen Festsetzung": "http://www.kitzingen.de/m_30196" }, "geometry": { "type": "Point", "coordinates": [ 1138701.884098305832595, 6412879.234933727420866 ] } },
{ "type": "Feature", "properties": { "id": 3259, "old_bplan": "old_bplan", "flooding_risk": "has_flooding_risk", "ROR": "Würzburg", "URL des Rasterbildes": "http://geoinfo.landkreis-wuerzburg.de/margetshoechheim/Seniorenwohnanlage.pdf", "URL zur Legende": "https://gdiserv.bayern.de/bauleitplanung/siehe URL des Rasterbildes", "URL der textlichen Festsetzung": "https://gdiserv.bayern.de/bauleitplanung/siehe URL des Rasterbildes" }, "geometry": { "type": "Point", "coordinates": [ 1098309.827498441329226, 6418553.736333377659321 ] } },
{ "type": "Feature", "properties": { "id": 3216, "old_bplan": "old_bplan", "flooding_risk": "has_flooding_risk", "ROR": "Würzburg", "URL des Rasterbildes": "https://okgis.osrz-akdb.de/msp/downloads/bplan/09677_125_003_000/Entlastungsstrasse Blatt 1.PII", "URL zur Legende": "https://okgis.osrz-akdb.de/msp/downloads/bplan/56c0c92f-caea-4976-a859-5e19521c44cf/09677_125_003_000/Festsetzungen.pdf", "URL der textlichen Festsetzung": "https://okgis.osrz-akdb.de/msp/downloads/bplan/56c0c92f-caea-4976-a859-5e19521c44cf/09677_125_003_000/Festsetzungen.pdf" }, "geometry": { "type": "Point", "coordinates": [ 1070990.151529065798968, 6415879.827678177505732 ] } },
{ "type": "Feature", "properties": { "id": 3216, "old_bplan": "old_bplan", "flooding_risk": "has_flooding_risk", "ROR": "Würzburg", "URL des Rasterbildes": "https://okgis.osrz-akdb.de/msp/downloads/bplan/09677_125_003_000/Entlastungsstrasse Blatt 1.PII", "URL zur Legende": "https://okgis.osrz-akdb.de/msp/downloads/bplan/56c0c92f-caea-4976-a859-5e19521c44cf/09677_125_003_000/Festsetzungen.pdf", "URL der textlichen Festsetzung": "https://okgis.osrz-akdb.de/msp/downloads/bplan/56c0c92f-caea-4976-a859-5e19521c44cf/09677_125_003_000/Festsetzungen.pdf" }, "geometry": { "type": "Point", "coordinates": [ 1070990.151529065798968, 6415879.827678177505732 ] } },
{ "type": "Feature", "properties": { "id": 3677, "old_bplan": "old_bplan", "flooding_risk": "has_flooding_risk", "ROR": "Würzburg", "URL des Rasterbildes": "http://www.kitzingen.de/m_30796", "URL zur Legende": "http://www.kitzingen.de/m_30795", "URL der textlichen Festsetzung": "http://www.kitzingen.de/m_30797" }, "geometry": { "type": "Point", "coordinates": [ 1140192.406149866757914, 6411770.898023592308164 ] } },
{ "type": "Feature", "properties": { "id": 11470, "old_bplan": "old_bplan", "flooding_risk": "no_flood_risk", "ROR": "Allgäu", "URL des Rasterbildes": "https://wms1.riwagis.de/ostallgaeu_lk_bp/bp-plaene/buchloe/19_01_plan.tif", "URL zur Legende": "https://wms1.riwagis.de/ostallgaeu_lk_bp/bp-dateien/buchloe/19_01_plan.pdf", "URL der textlichen Festsetzung": "https://wms1.riwagis.de/ostallgaeu_lk_bp/bp-dateien/buchloe/19_01_plan.pdf" }, "geometry": { "type": "Point", "coordinates": [ 1192783.182354569202289, 6114631.67954173963517 ] } },
{ "type": "Feature", "properties": { "id": 25615, "old_bplan": "old_bplan", "flooding_risk": "no_flood_risk", "ROR": "Allgäu", "URL des Rasterbildes": "https://wms1.riwagis.de/oberallgaeu_lk_bp/bp-dateien/sonthofen/bplan_0029_002_aenderung_komplett.pdf", "URL zur Legende": "https://wms1.riwagis.de/oberallgaeu_lk_bp/bp-dateien/sonthofen/bplan_0029_002_aenderung_komplett.pdf", "URL der textlichen Festsetzung": "https://wms1.riwagis.de/oberallgaeu_lk_bp/bp-dateien/sonthofen/bplan_0029_002_aenderung_komplett.pdf" }, "geometry": { "type": "Point", "coordinates": [ 1142805.192380000604317, 6027453.019328857772052 ] } },
{ "type": "Feature", "properties": { "id": 24817, "old_bplan": "old_bplan", "flooding_risk": "no_flood_risk", "ROR": "Allgäu", "URL des Rasterbildes": "https://wms1.riwagis.de/bp_nodata.html", "URL zur Legende": "https://wms1.riwagis.de/bp_nodata.html", "URL der textlichen Festsetzung": "https://wms1.riwagis.de/bp_nodata.html" }, "geometry": { "type": "Point", "coordinates": [ 1199818.932974704308435, 6055392.110449464060366 ] } },
{ "type": "Feature", "properties": { "id": 25590, "old_bplan": "old_bplan", "flooding_risk": "no_flood_risk", "ROR": "Allgäu", "URL des Rasterbildes": "https://wms1.riwagis.de/lindau_gd_bp/bp-plaene/lindau (bodensee)/bp096_gewerbegebiet_autobahn.tif", "URL zur Legende": "https://wms1.riwagis.de/lindau_gd_bp/bp-dateien/lindau (bodensee)/bp096_gewerbegebiet_autobahn_plan_red.pdf", "URL der textlichen Festsetzung": "https://wms1.riwagis.de/lindau_gd_bp/bp-dateien/lindau (bodensee)/bp096_gewerbegebiet_autobahn_text.pdf" }, "geometry": { "type": "Point", "coordinates": [ 1083034.177916213637218, 6032568.728862019255757 ] } },
{ "type": "Feature", "properties": { "id": 24800, "old_bplan": "old_bplan", "flooding_risk": "no_flood_risk", "ROR": "Allgäu", "URL des Rasterbildes": "https://wms1.riwagis.de/bp_nodata.html", "URL zur Legende": "https://wms1.riwagis.de/bp_nodata.html", "URL der textlichen Festsetzung": "https://wms1.riwagis.de/bp_nodata.html" }, "geometry": { "type": "Point", "coordinates": [ 1179742.823168206261471, 6056218.396683111786842 ] } },
{ "type": "Feature", "properties": { "id": 22058, "old_bplan": "old_bplan", "flooding_risk": "no_flood_risk", "ROR": "Augsburg", "URL des Rasterbildes": "https://wms1.riwagis.de/donauries_lk_bp/bp-plaene/mönchsdeggingen/schaffhausen_sued.tif", "URL zur Legende": "https://wms1.riwagis.de/donauries_lk_bp/bp-dateien/mönchsdeggingen/legende_schaffhausen_süd.pdf", "URL der textlichen Festsetzung": "https://wms1.riwagis.de/bp_nodata.html" }, "geometry": { "type": "Point", "coordinates": [ 1183995.729177108267322, 6233997.075523561798036 ] } },
{ "type": "Feature", "properties": { "id": 8869, "old_bplan": "old_bplan", "flooding_risk": "no_flood_risk", "ROR": "Augsburg", "URL des Rasterbildes": "https://okgis.osrz-akdb.de/abg/downloads/bplan/09772_163_002_000/1 KÖNIGSBRUNN.PII", "URL zur Legende": "https://okgis.osrz-akdb.de/abg/downloads/bplan/09772_163_002_000/Festsetzungen.pdf", "URL der textlichen Festsetzung": "https://okgis.osrz-akdb.de/abg/downloads/bplan/fb55eed5-dc25-4907-ad4a-3cd2fa49932c/09772_163_002_000/Festsetzungen.pdf" }, "geometry": { "type": "Point", "coordinates": [ 1212159.498503640759736, 6151421.24926720559597 ] } },
{ "type": "Feature", "properties": { "id": 22522, "old_bplan": "old_bplan", "flooding_risk": "no_flood_risk", "ROR": "Augsburg", "URL des Rasterbildes": "https://wms1.riwagis.de/donauries_lk_bp/bp-plaene/amerdingen/gewerbegebiet_an_der_kessel.tif", "URL zur Legende": "https://wms1.riwagis.de/donauries_lk_bp/bp-dateien/amerdingen/legende_gewerbegebiet_an_der_kessel.pdf", "URL der textlichen Festsetzung": "https://wms1.riwagis.de/bp_nodata.html" }, "geometry": { "type": "Point", "coordinates": [ 1168052.638396226335317, 6228656.73897048085928 ] } },
{ "type": "Feature", "properties": { "id": 9447, "old_bplan": "old_bplan", "flooding_risk": "no_flood_risk", "ROR": "Augsburg", "URL des Rasterbildes": "https://gdiserv.bayern.de/bauleitplanung/", "URL zur Legende": "https://gdiserv.bayern.de/bauleitplanung/", "URL der textlichen Festsetzung": "https://okgis.osrz-akdb.de/aic/downloads/bplan/fa67571c-fe19-4277-b007-24f1c19846cd/09771_168_004_000/Festsetzungen.pdf" }, "geometry": { "type": "Point", "coordinates": [ 1223039.330921323038638, 6143556.562502880580723 ] } },
{ "type": "Feature", "properties": { "id": 24647, "old_bplan": "old_bplan", "flooding_risk": "no_flood_risk", "ROR": "Augsburg", "URL des Rasterbildes": "https://gdiserv.bayern.de/bauleitplanung/", "URL zur Legende": "https://gdiserv.bayern.de/bauleitplanung/", "URL der textlichen Festsetzung": "https://okgis.osrz-akdb.de/aic/downloads/bplan/887b100c-b30b-4af9-90bd-011c8e3d6444/09771_156_059_000/Festsetzungen.pdf" }, "geometry": { "type": "Point", "coordinates": [ 1237711.410963758360595, 6198334.977557289414108 ] } },
{ "type": "Feature", "properties": { "id": 3165, "old_bplan": "old_bplan", "flooding_risk": "no_flood_risk", "ROR": "Bayerischer Untermain", "URL des Rasterbildes": "http://gis.kreis-mil.de/bpl/Eschau/Am_Morgengarten/Rechtsplan.pdf", "URL zur Legende": "http://gis.kreis-mil.de/bpl/Eschau/Am_Morgengarten/Festsetzungen.pdf", "URL der textlichen Festsetzung": "http://gis.kreis-mil.de/bpl/Eschau/Am_Morgengarten/Festsetzungen.pdf" }, "geometry": { "type": "Point", "coordinates": [ 1032291.647875522030517, 6420096.414107949472964 ] } },
{ "type": "Feature", "properties": { "id": 3510, "old_bplan": "old_bplan", "flooding_risk": "no_flood_risk", "ROR": "Bayerischer Untermain", "URL des Rasterbildes": "http://gis.kreis-mil.de/bpl/Erlenbach/Erlenbach/Siedlung/Rechtsplan.pdf", "URL zur Legende": "http://gis.kreis-mil.de/bpl/Erlenbach/Erlenbach/Siedlung/Festsetzungen.pdf", "URL der textlichen Festsetzung": "http://gis.kreis-mil.de/bpl/Erlenbach/Erlenbach/Siedlung/Festsetzungen.pdf" }, "geometry": { "type": "Point", "coordinates": [ 1017717.101514183334075, 6412931.251888406462967 ] } },
{ "type": "Feature", "properties": { "id": 1771, "old_bplan": "old_bplan", "flooding_risk": "no_flood_risk", "ROR": "Bayerischer Untermain", "URL des Rasterbildes": "http://markt-goldbach.de/wp-content/uploads/2016/06/S%C3%BCd%C3%B6stlich-der-%C3%96sterreicher-Stra%C3%9Fe.pdf", "URL zur Legende": "http://markt-goldbach.de/wp-content/uploads/2016/06/S%C3%BCd%C3%B6stlich-der-%C3%96sterreicher-Stra%C3%9Fe.pdf", "URL der textlichen Festsetzung": "http://markt-goldbach.de/wp-content/uploads/2016/06/S%C3%BCd%C3%B6stlich-der-%C3%96sterreicher-Stra%C3%9Fe.pdf" }, "geometry": { "type": "Point", "coordinates": [ 1021581.301045871106908, 6444153.476365892216563 ] } },
{ "type": "Feature", "properties": { "id": 1762, "old_bplan": "old_bplan", "flooding_risk": "no_flood_risk", "ROR": "Bayerischer Untermain", "URL des Rasterbildes": "http://www.aschaffenburg.de/dokumente/Buerger-in-Aschaffenburg/Dateiordner-Bebauungsplaene/18_16_Auf_BPl.pdf", "URL zur Legende": "http://www.aschaffenburg.de/dokumente/Buerger-in-Aschaffenburg/Dateiordner-Bebauungsplaene/18_16_Auf_BPl.pdf", "URL der textlichen Festsetzung": "http://www.aschaffenburg.de/dokumente/Buerger-in-Aschaffenburg/Dateiordner-Bebauungsplaene/18_16_Auf_BPl.pdf" }, "geometry": { "type": "Point", "coordinates": [ 1017396.373747257632203, 6443704.408824716694653 ] } },
{ "type": "Feature", "properties": { "id": 3526, "old_bplan": "old_bplan", "flooding_risk": "no_flood_risk", "ROR": "Bayerischer Untermain", "URL des Rasterbildes": "https://gis.kreis-mil.de/bpl/Moenchberg/Senger_und_Wasen/Rechtsplan.pdf", "URL zur Legende": "https://gis.kreis-mil.de/bpl/Moenchberg/Senger_und_Wasen/Festsetzungen.pdf", "URL der textlichen Festsetzung": "https://gis.kreis-mil.de/bpl/Moenchberg/Senger_und_Wasen/Festsetzungen.pdf" }, "geometry": { "type": "Point", "coordinates": [ 1032122.634390087332577, 6410766.926915356889367 ] } },
{ "type": "Feature", "properties": { "id": 11367, "old_bplan": "old_bplan", "flooding_risk": "no_flood_risk", "ROR": "Donau-Iller (BY)", "URL des Rasterbildes": "https://wms1.riwagis.de/unterallgaeu_lk_bp/bp-plaene/kammlach/bplan-kammlach-022-000-000.png", "URL zur Legende": "https://wms1.riwagis.de/unterallgaeu_lk_bp/bp-dateien/kammlach/bplan-kammlach-022-000-001.pdf", "URL der textlichen Festsetzung": "https://wms1.riwagis.de/unterallgaeu_lk_bp/bp-dateien/kammlach/bplan-kammlach-022-000-000.pdf" }, "geometry": { "type": "Point", "coordinates": [ 1159266.591427240520716, 6117026.61964675039053 ] } },
{ "type": "Feature", "properties": { "id": 12960, "old_bplan": "old_bplan", "flooding_risk": "no_flood_risk", "ROR": "Donau-Iller (BY)", "URL des Rasterbildes": "https://wms1.riwagis.de/unterallgaeu_lk_bp/bp-plaene/ottobeuren/bplan-ottobeuren-006-000-000.png", "URL zur Legende": "https://wms1.riwagis.de/unterallgaeu_lk_bp/bp-dateien/ottobeuren/bplan-ottobeuren-006-000-001.pdf", "URL der textlichen Festsetzung": "https://wms1.riwagis.de/unterallgaeu_lk_bp/bp-dateien/ottobeuren/bplan-ottobeuren-006-000-000.pdf" }, "geometry": { "type": "Point", "coordinates": [ 1148067.481622400460765, 6097410.306141226552427 ] } },
{ "type": "Feature", "properties": { "id": 12542, "old_bplan": "old_bplan", "flooding_risk": "no_flood_risk", "ROR": "Donau-Iller (BY)", "URL des Rasterbildes": "https://wms1.riwagis.de/unterallgaeu_lk_bp/bp-plaene/markt rettenbach/bplan-rettenbach-025-000-000.png", "URL zur Legende": "https://wms1.riwagis.de/unterallgaeu_lk_bp/bp-dateien/markt rettenbach/bplan-rettenbach-025-000-001.pdf", "URL der textlichen Festsetzung": "https://wms1.riwagis.de/unterallgaeu_lk_bp/bp-dateien/markt rettenbach/bplan-rettenbach-025-000-000.pdf" }, "geometry": { "type": "Point", "coordinates": [ 1153125.77623652969487, 6103549.451528010889888 ] } },
{ "type": "Feature", "properties": { "id": 7436, "old_bplan": "old_bplan", "flooding_risk": "no_flood_risk", "ROR": "Donau-Iller (BY)", "URL des Rasterbildes": "https://wms1.riwagis.de/guenzburg_lk_bp_p001/bp-plaene/ichenhausen/143-7152-007-00-plan.tif", "URL zur Legende": "https://wms1.riwagis.de/guenzburg_lk_bp_p001/bp-dateien/ichenhausen/143-7152-007-00-plan.pdf", "URL der textlichen Festsetzung": "https://wms1.riwagis.de/guenzburg_lk_bp_p001/bp-dateien/ichenhausen/143-7152-007-00-plan.pdf" }, "geometry": { "type": "Point", "coordinates": [ 1140877.977242170600221, 6167391.749868245795369 ] } },
{ "type": "Feature", "properties": { "id": 12504, "old_bplan": "old_bplan", "flooding_risk": "no_flood_risk", "ROR": "Donau-Iller (BY)", "URL des Rasterbildes": "https://www.memmingen.de/fileadmin/vianovis/BP/PDF/14a_final.pdf", "URL zur Legende": "Dieser Bebauungsplan wurde noch nicht eingescannt", "URL der textlichen Festsetzung": "https://www.memmingen.de/fileadmin/vianovis/BP/PDF/14a_final_begruendung.pdf" }, "geometry": { "type": "Point", "coordinates": [ 1131542.679220950929448, 6103211.280382149852812 ] } },
{ "type": "Feature", "properties": { "id": 20673, "old_bplan": "old_bplan", "flooding_risk": "no_flood_risk", "ROR": "Donau-Wald", "URL des Rasterbildes": "http://www.grafenau.de/fileadmin/Dateien/Stadt_Seite/Stadt_Dateien/Leben_Wohnen/Bauleitplaene/BP_Voitschlag_Sued_I.pdf", "URL zur Legende": "http://www.grafenau.de/fileadmin/Dateien/Stadt_Seite/Stadt_Dateien/Leben_Wohnen/Bauleitplaene/BP_Voitschlag_Sued_I.pdf", "URL der textlichen Festsetzung": "http://www.grafenau.de/fileadmin/Dateien/Stadt_Seite/Stadt_Dateien/Leben_Wohnen/Bauleitplaene/BP_Voitschlag_Sued_I.pdf" }, "geometry": { "type": "Point", "coordinates": [ 1489281.046814393717796, 6250675.876839545555413 ] } },
{ "type": "Feature", "properties": { "id": 6770, "old_bplan": "old_bplan", "flooding_risk": "no_flood_risk", "ROR": "Donau-Wald", "URL des Rasterbildes": "https://wms1.riwagis.de/bp_nodata.html", "URL zur Legende": "https://wms1.riwagis.de/bp_nodata.html", "URL der textlichen Festsetzung": "https://wms1.riwagis.de/bp_nodata.html" }, "geometry": { "type": "Point", "coordinates": [ 1480975.12404615432024, 6166042.16753204818815 ] } },
{ "type": "Feature", "properties": { "id": 21358, "old_bplan": "old_bplan", "flooding_risk": "no_flood_risk", "ROR": "Donau-Wald", "URL des Rasterbildes": "http://www.geiselhoering.de/wirtschaft-industrie-baugebiete/baugebiete/b2-hainsbach.html", "URL zur Legende": "http://www.geiselhoering.de/wirtschaft-industrie-baugebiete/baugebiete/b2-hainsbach.html", "URL der textlichen Festsetzung": "http://www.geiselhoering.de/wirtschaft-industrie-baugebiete/baugebiete/b2-hainsbach.html" }, "geometry": { "type": "Point", "coordinates": [ 1383123.791914026020095, 6241502.039230832830071 ] } },
{ "type": "Feature", "properties": { "id": 21082, "old_bplan": "old_bplan", "flooding_risk": "no_flood_risk", "ROR": "Donau-Wald", "URL des Rasterbildes": "http://www.bbp-frg.de/grainet/09272-121-016_0p.pdf", "URL zur Legende": "http://www.bbp-frg.de/grainet/09272-121-016_0t.pdf", "URL der textlichen Festsetzung": "http://www.bbp-frg.de/grainet/09272-121-016_0t.pdf" }, "geometry": { "type": "Point", "coordinates": [ 1516256.978485421743244, 6239376.853725536726415 ] } },
{ "type": "Feature", "properties": { "id": 23506, "old_bplan": "old_bplan", "flooding_risk": "no_flood_risk", "ROR": "Donau-Wald", "URL des Rasterbildes": "https://stadtplan.passau.de/fachschalen/BBP/6349_6_3_AE_St_Korona.pdf", "URL zur Legende": "https://stadtplan.passau.de/fachschalen/BBP/6349_6_3_AE_St_Korona.pdf", "URL der textlichen Festsetzung": "https://stadtplan.passau.de/fachschalen/BBP/6349_6_3_AE_St_Korona.pdf" }, "geometry": { "type": "Point", "coordinates": [ 1493376.884183311834931, 6207298.493964878842235 ] } },
{ "type": "Feature", "properties": { "id": 18753, "old_bplan": "old_bplan", "flooding_risk": "no_flood_risk", "ROR": "Industrieregion Mittelfranken", "URL des Rasterbildes": "http://www.landratsamt-roth.de/ftpdata/blplan/spalt/576147_WidL26_000_000.pdf", "URL zur Legende": "http://www.landratsamt-roth.de/ftpdata/blplan/spalt/576147_WidL26_000_000.pdf", "URL der textlichen Festsetzung": "http://www.landratsamt-roth.de/ftpdata/blplan/spalt/576147_WidL26_000_000.pdf" }, "geometry": { "type": "Point", "coordinates": [ 1210544.885372161166742, 6308821.640798887237906 ] } },
{ "type": "Feature", "properties": { "id": 17811, "old_bplan": "old_bplan", "flooding_risk": "no_flood_risk", "ROR": "Industrieregion Mittelfranken", "URL des Rasterbildes": "https://service-on.schwabach.de/files/Schwabach/Schwabach/S-8-62/plan0.pdf", "URL zur Legende": "https://service-on.schwabach.de/files/Schwabach/Schwabach/S-8-62/Legende0.pdf", "URL der textlichen Festsetzung": "https://service-on.schwabach.de/files/Schwabach/Schwabach/S-8-62/Satzung0.pdf" }, "geometry": { "type": "Point", "coordinates": [ 1226269.74327158741653, 6328980.531670003198087 ] } },
{ "type": "Feature", "properties": { "id": 18562, "old_bplan": "old_bplan", "flooding_risk": "no_flood_risk", "ROR": "Industrieregion Mittelfranken", "URL des Rasterbildes": "http://www.landratsamt-roth.de/ftpdata/blplan/roth_ortsteile/576143_Bi1_000_000.pdf", "URL zur Legende": "http://www.landratsamt-roth.de/ftpdata/blplan/roth_ortsteile/576143_Bi1_000_001.pdf", "URL der textlichen Festsetzung": "http://www.landratsamt-roth.de/ftpdata/blplan/roth_ortsteile/576143_Bi1_000_002.pdf" }, "geometry": { "type": "Point", "coordinates": [ 1243394.356828222982585, 6315601.545782377012074 ] } },
{ "type": "Feature", "properties": { "id": 4502, "old_bplan": "old_bplan", "flooding_risk": "no_flood_risk", "ROR": "Industrieregion Mittelfranken", "URL des Rasterbildes": "https://www.moehrendorf.de/rathaus-politik/ortsrecht/bebauungsplaene/16-9", "URL zur Legende": "https://www.moehrendorf.de/rathaus-politik/ortsrecht/bebauungsplaene/16-9", "URL der textlichen Festsetzung": "https://www.moehrendorf.de/rathaus-politik/ortsrecht/bebauungsplaene/16-9" }, "geometry": { "type": "Point", "coordinates": [ 1224527.486428248463199, 6385820.043771258555353 ] } },
{ "type": "Feature", "properties": { "id": 4728, "old_bplan": "old_bplan", "flooding_risk": "no_flood_risk", "ROR": "Industrieregion Mittelfranken", "URL des Rasterbildes": "https://erlangen.de/uwao-api/faila/files/bypath/Dokumente/Maps/Bplan/70.pdf", "URL zur Legende": "https://erlangen.de/uwao-api/faila/files/bypath/Dokumente/Maps/Bplan/70.pdf", "URL der textlichen Festsetzung": "https://erlangen.de/uwao-api/faila/files/bypath/Dokumente/Maps/Bplan/70.pdf" }, "geometry": { "type": "Point", "coordinates": [ 1228973.265645499574021, 6376469.978808363899589 ] } },
{ "type": "Feature", "properties": { "id": 22103, "old_bplan": "old_bplan", "flooding_risk": "no_flood_risk", "ROR": "Ingolstadt", "URL des Rasterbildes": "http://www.neuburg-donau.de/wirtschaft/bebauungsplaene/rechtsverbindlichen-bebauungsplaene-im-stadtgebiet/gemarkung-neuburg/1-55-kammerbauernhof/1-55-Plan.pdf/view", "URL zur Legende": "http://www.neuburg-donau.de/wirtschaft/bebauungsplaene/rechtsverbindlichen-bebauungsplaene-im-stadtgebiet/gemarkung-neuburg/1-55-kammerbauernhof", "URL der textlichen Festsetzung": "http://www.neuburg-donau.de/wirtschaft/bebauungsplaene/rechtsverbindlichen-bebauungsplaene-im-stadtgebiet/gemarkung-neuburg/1-55-kammerbauernhof" }, "geometry": { "type": "Point", "coordinates": [ 1244059.707419073907658, 6229592.670934517867863 ] } },
{ "type": "Feature", "properties": { "id": 4974, "old_bplan": "old_bplan", "flooding_risk": "no_flood_risk", "ROR": "Ingolstadt", "URL des Rasterbildes": "http://files.stadt-pfaffenhofen.de/bebauungsplaene/B065/B065_0.pdf", "URL zur Legende": "Dieser Bebauungsplan wurde noch nicht eingescannt", "URL der textlichen Festsetzung": "http://files.stadt-pfaffenhofen.de/bebauungsplaene/B065" }, "geometry": { "type": "Point", "coordinates": [ 1278088.376016373978928, 6194203.778731447644532 ] } },
{ "type": "Feature", "properties": { "id": 23697, "old_bplan": "old_bplan", "flooding_risk": "no_flood_risk", "ROR": "Ingolstadt", "URL des Rasterbildes": "http://www.poernbach.de/export/download.php?id=893", "URL zur Legende": "Dieser Bebauungsplan wurde noch nicht eingescannt", "URL der textlichen Festsetzung": "Dieser Bebauungsplan wurde noch nicht eingescannt" }, "geometry": { "type": "Point", "coordinates": [ 1275132.28891225066036, 6210179.392565227113664 ] } },
{ "type": "Feature", "properties": { "id": 21245, "old_bplan": "old_bplan", "flooding_risk": "no_flood_risk", "ROR": "Ingolstadt", "URL des Rasterbildes": "https://wms1.riwagis.de/wellheim_gd_bp/bp-dateien/wellheim/wellheim_k_3_aufhebung_textteil.pdf", "URL zur Legende": "https://wms1.riwagis.de/wellheim_gd_bp/bp-dateien/wellheim/wellheim_k_3_aufhebung_textteil.pdf", "URL der textlichen Festsetzung": "https://wms1.riwagis.de/wellheim_gd_bp/bp-dateien/wellheim/wellheim_k_3_aufhebung_textteil.pdf" }, "geometry": { "type": "Point", "coordinates": [ 1231629.216714625246823, 6246778.987971242517233 ] } },
{ "type": "Feature", "properties": { "id": 24326, "old_bplan": "old_bplan", "flooding_risk": "no_flood_risk", "ROR": "Ingolstadt", "URL des Rasterbildes": "https://www.schweitenkirchen.de/fileadmin/Gemeinde/Dateien/Bauleitplanung/Aktuelle_Bauleitplanung/Geisenhausen/Geisenhausen_Kapellenweg_1._AEnderung.pdf", "URL zur Legende": "Dieser Bebauungsplan wurde noch nicht eingescannt", "URL der textlichen Festsetzung": "Dieser Bebauungsplan wurde noch nicht eingescannt" }, "geometry": { "type": "Point", "coordinates": [ 1290849.788469487568364, 6198947.324492280371487 ] } },
{ "type": "Feature", "properties": { "id": 7308, "old_bplan": "old_bplan", "flooding_risk": "no_flood_risk", "ROR": "Landshut", "URL des Rasterbildes": "http://www.landkreis-landshut.de/Bebauungsplaene/Velden/Atzmannsdorf-Aussenbereichssatzung/Atzmannsdorf-Aussenbereichssatzung/Plan.pdf", "URL zur Legende": "http://www.landkreis-landshut.de/Bebauungsplaene/Velden/Atzmannsdorf-Aussenbereichssatzung/Atzmannsdorf-Aussenbereichssatzung/Legende.pdf", "URL der textlichen Festsetzung": "http://www.landkreis-landshut.de/Bebauungsplaene/Velden/Atzmannsdorf-Aussenbereichssatzung/Atzmannsdorf-Aussenbereichssatzung/Text.pdf" }, "geometry": { "type": "Point", "coordinates": [ 1363377.620872895233333, 6169617.213115834631026 ] } },
{ "type": "Feature", "properties": { "id": 6684, "old_bplan": "old_bplan", "flooding_risk": "no_flood_risk", "ROR": "Landshut", "URL des Rasterbildes": "http://www.landkreis-landshut.de/Bebauungsplaene/Bodenkirchen/Am_Sportplatz/Am_Sportplatz/Plan.jpg", "URL zur Legende": "http://www.landkreis-landshut.de/Bebauungsplaene/Bodenkirchen/Am_Sportplatz/Am_Sportplatz/Legende.pdf", "URL der textlichen Festsetzung": "http://www.landkreis-landshut.de/Bebauungsplaene/Bodenkirchen/Am_Sportplatz/Am_Sportplatz/Text.pdf" }, "geometry": { "type": "Point", "coordinates": [ 1379650.213079231558368, 6174902.972051076591015 ] } },
{ "type": "Feature", "properties": { "id": 22826, "old_bplan": "old_bplan", "flooding_risk": "no_flood_risk", "ROR": "Landshut", "URL des Rasterbildes": "http://www.landkreis-landshut.de/Bebauungsplaene/Weng/Hoesacker-Freihauser_Strasse/Hoesacker-Freihauser_Strasse/Plan.jpg", "URL zur Legende": "http://www.landkreis-landshut.de/Bebauungsplaene/Adlkofen/Fehlende_Legende/Legende.pdf", "URL der textlichen Festsetzung": "http://www.landkreis-landshut.de/Bebauungsplaene/Weng/Hoesacker-Freihauser_Strasse/Hoesacker-Freihauser_Strasse/Text.pdf" }, "geometry": { "type": "Point", "coordinates": [ 1375993.471624680561945, 6220492.894841563887894 ] } },
{ "type": "Feature", "properties": { "id": 7374, "old_bplan": "old_bplan", "flooding_risk": "no_flood_risk", "ROR": "Landshut", "URL des Rasterbildes": "http://www.tann.de/files/content/dokumente/bebauungsplaene/Tann-Nord_Raster.pdf", "URL zur Legende": "http://www.tann.de/files/content/dokumente/bebauungsplaene/Tann-Nord_Legende.pdf", "URL der textlichen Festsetzung": "http://www.tann.de/files/content/dokumente/bebauungsplaene/Tann-Nord_Text.pdf" }, "geometry": { "type": "Point", "coordinates": [ 1434316.919076026882976, 6160680.580655839294195 ] } },
{ "type": "Feature", "properties": { "id": 8718, "old_bplan": "old_bplan", "flooding_risk": "no_flood_risk", "ROR": "Landshut", "URL des Rasterbildes": "https://daten2.verwaltungsportal.de/dateien/seitengenerator/2b07bb81390ccae4d6f77b8d475c6a2892184/hinterb_urplan_raster.pdf", "URL zur Legende": "https://daten2.verwaltungsportal.de/dateien/seitengenerator/2b07bb81390ccae4d6f77b8d475c6a2892184/hinterb_urplan_legende.pdf", "URL der textlichen Festsetzung": "https://daten2.verwaltungsportal.de/dateien/seitengenerator/2b07bb81390ccae4d6f77b8d475c6a2892184/hinterb_urplan_text.pdf" }, "geometry": { "type": "Point", "coordinates": [ 1449304.434499778784811, 6152116.753140372224152 ] } },
{ "type": "Feature", "properties": { "id": 729, "old_bplan": "old_bplan", "flooding_risk": "no_flood_risk", "ROR": "Main-Rhön", "URL des Rasterbildes": "https://okgis.osrz-akdb.de/swf/downloads/09678_174_502_000/Ortsabrundungssatzung_EF.PII", "URL zur Legende": "https://okgis.osrz-akdb.de/swf/downloads/bplan/304bc426-cbe8-4184-81b9-b55e1ae0267a/09678_174_502_000/Ortsabrundungssatzung_EF_Fest.pdf", "URL der textlichen Festsetzung": "https://okgis.osrz-akdb.de/swf/downloads/bplan/304bc426-cbe8-4184-81b9-b55e1ae0267a/09678_174_502_000/Ortsabrundungssatzung_EF_Fest.pdf" }, "geometry": { "type": "Point", "coordinates": [ 1144685.365787647431716, 6456276.214923352003098 ] } },
{ "type": "Feature", "properties": { "id": 26838, "old_bplan": "old_bplan", "flooding_risk": "no_flood_risk", "ROR": "Main-Rhön", "URL des Rasterbildes": "http://80.156.15.206/MASSBACH/Schmidtberg_II-Aenderung_2.pdf", "URL zur Legende": "http://80.156.15.206/MASSBACH/Schmidtberg_II-Aenderung_2.pdf", "URL der textlichen Festsetzung": "http://80.156.15.206/MASSBACH/Schmidtberg_II-Aenderung_2.pdf" }, "geometry": { "type": "Point", "coordinates": [ 1142938.322444182122126, 6477238.899171306751668 ] } },
{ "type": "Feature", "properties": { "id": 658, "old_bplan": "old_bplan", "flooding_risk": "no_flood_risk", "ROR": "Main-Rhön", "URL des Rasterbildes": "http://www.schweinfurt.de/leben/bauenwohnen/stadtplanung/m_11072", "URL zur Legende": "http://www.schweinfurt.de/leben/bauenwohnen/stadtplanung/m_11072", "URL der textlichen Festsetzung": "http://www.schweinfurt.de/leben/bauenwohnen/stadtplanung/m_11072" }, "geometry": { "type": "Point", "coordinates": [ 1134520.646184684941545, 6456532.704781900160015 ] } },
{ "type": "Feature", "properties": { "id": 205, "old_bplan": "old_bplan", "flooding_risk": "no_flood_risk", "ROR": "Main-Rhön", "URL des Rasterbildes": "https://geodaten.hassberge.de/bayernatlas/bplan/ebern/Hirtenbeet_II/HIRTENBEET_II.pdf", "URL zur Legende": "https://geodaten.hassberge.de/bayernatlas/bplan/ebern/Hirtenbeet_II/HIRTENBEET_II.pdf", "URL der textlichen Festsetzung": "https://geodaten.hassberge.de/bayernatlas/bplan/ebern/Hirtenbeet_II/HIRTENBEET_II.pdf" }, "geometry": { "type": "Point", "coordinates": [ 1189597.690519690746441, 6461870.38180625718087 ] } },
{ "type": "Feature", "properties": { "id": 816, "old_bplan": "old_bplan", "flooding_risk": "no_flood_risk", "ROR": "Main-Rhön", "URL des Rasterbildes": "https://geodaten.hassberge.de/bayernatlas/bplan/kirchlauter/Neubrunn/am_doerfliser_weg/1aen_am_doerfliser_weg.pdf", "URL zur Legende": "https://geodaten.hassberge.de/bayernatlas/bplan/kirchlauter/Neubrunn/am_doerfliser_weg/1aen_am_doerfliser_weg.pdf", "URL der textlichen Festsetzung": "https://geodaten.hassberge.de/bayernatlas/bplan/kirchlauter/Neubrunn/am_doerfliser_weg/1aen_am_doerfliser_weg.pdf" }, "geometry": { "type": "Point", "coordinates": [ 1189855.225267259404063, 6452813.232100706547499 ] } },
{ "type": "Feature", "properties": { "id": 7142, "old_bplan": "old_bplan", "flooding_risk": "no_flood_risk", "ROR": "München", "URL des Rasterbildes": "http://gis.landratsamt-dachau.de/data/Bebauungsplaene/Gde_Mkt_Indersdorf/Plandarstellung_zu_B_Plan_Nr_8_Flst_173_25_u_a.pdf", "URL zur Legende": "http://gis.landratsamt-dachau.de/data/Bebauungsplaene/Gde_Mkt_Indersdorf/B_Plan_Nr_8_Flst_173_25_u_a.pdf", "URL der textlichen Festsetzung": "http://gis.landratsamt-dachau.de/data/Bebauungsplaene/Gde_Mkt_Indersdorf/B_Plan_Nr_8_Flst_173_25_u_a.pdf" }, "geometry": { "type": "Point", "coordinates": [ 1266278.133178013609722, 6167728.955247663892806 ] } },
{ "type": "Feature", "properties": { "id": 8961, "old_bplan": "old_bplan", "flooding_risk": "no_flood_risk", "ROR": "München", "URL des Rasterbildes": "http://www.vgmammendorf.de/export/download.php?id=7005", "URL zur Legende": "http://www.vgmammendorf.de/export/download.php?id=7005", "URL der textlichen Festsetzung": "http://www.vgmammendorf.de/export/download.php?id=7005" }, "geometry": { "type": "Point", "coordinates": [ 1240139.984560530399904, 6147693.627909555099905 ] } },
{ "type": "Feature", "properties": { "id": 7232, "old_bplan": "old_bplan", "flooding_risk": "no_flood_risk", "ROR": "München", "URL des Rasterbildes": "https://karten.kreis-freising.de/daten/BP/Freising/Fre-B-0127-B_BP127-Suenzhausen-suedlicher-Ortsrand.pdf", "URL zur Legende": "https://karten.kreis-freising.de/daten/BP/Freising/Fre-B-0127-B_BP127-Suenzhausen-suedlicher-Ortsrand.pdf", "URL der textlichen Festsetzung": "https://karten.kreis-freising.de/daten/BP/Freising/Fre-B-0127-B_BP127-Suenzhausen-suedlicher-Ortsrand.pdf" }, "geometry": { "type": "Point", "coordinates": [ 1298471.85403037420474, 6171699.315897836349905 ] } },
{ "type": "Feature", "properties": { "id": 10581, "old_bplan": "old_bplan", "flooding_risk": "no_flood_risk", "ROR": "München", "URL des Rasterbildes": "https://wms1.riwagis.de/muenchen_lk_bp/bp-plaene/planegg/planegg_28_0_plan.tif", "URL zur Legende": "https://wms1.riwagis.de/muenchen_lk_bp/bp-dateien/planegg/planegg_28_0_legende.pdf", "URL der textlichen Festsetzung": "https://wms1.riwagis.de/muenchen_lk_bp/bp-dateien/planegg/planegg_28_0_legende.pdf" }, "geometry": { "type": "Point", "coordinates": [ 1274783.755985732888803, 6124590.614082402549684 ] } },
{ "type": "Feature", "properties": { "id": 7818, "old_bplan": "old_bplan", "flooding_risk": "no_flood_risk", "ROR": "München", "URL des Rasterbildes": "http://gis.landratsamt-dachau.de/data/Bebauungsplaene/Gde_Mkt_Indersdorf/Plandarstellung_zu_B_Plan_Nr_50_Wald-_Kellerstrasse.pdf", "URL zur Legende": "http://gis.landratsamt-dachau.de/data/Bebauungsplaene/Gde_Mkt_Indersdorf/Text_zu_B_Plan_Nr_50_Wald-_Kellerstrasse.pdf", "URL der textlichen Festsetzung": "http://gis.landratsamt-dachau.de/data/Bebauungsplaene/Gde_Mkt_Indersdorf/Text_zu_B_Plan_Nr_50_Wald-_Kellerstrasse.pdf" }, "geometry": { "type": "Point", "coordinates": [ 1265898.748638407560065, 6166936.96309492085129 ] } },
{ "type": "Feature", "properties": { "id": 27434, "old_bplan": "old_bplan", "flooding_risk": "no_flood_risk", "ROR": "Oberfranken-Ost", "URL des Rasterbildes": "https://wms1.riwagis.de/kulmbach_lk_bp/bp-plaene/untersteinach/bp_untersteinach-seer-strasse.tif", "URL zur Legende": "https://wms1.riwagis.de/kulmbach_lk_bp/bp-dateien/untersteinach/bp_untersteinach-seer-strasse.pdf", "URL der textlichen Festsetzung": "https://wms1.riwagis.de/kulmbach_lk_bp/bp-dateien/untersteinach/t_bp_untersteinach-seer-strasse.pdf" }, "geometry": { "type": "Point", "coordinates": [ 1283677.02663633110933, 6468321.179604821838439 ] } },
{ "type": "Feature", "properties": { "id": 27417, "old_bplan": "old_bplan", "flooding_risk": "no_flood_risk", "ROR": "Oberfranken-Ost", "URL des Rasterbildes": "https://wms1.riwagis.de/kulmbach_lk_bp/bp-plaene/kulmbach/477128053_plan_wgeo.tif", "URL zur Legende": "https://wms1.riwagis.de/kulmbach_lk_bp/bp-dateien/kulmbach/477128053_legende.pdf", "URL der textlichen Festsetzung": "https://wms1.riwagis.de/kulmbach_lk_bp/bp-dateien/kulmbach/477128053_begruendung.pdf" }, "geometry": { "type": "Point", "coordinates": [ 1276950.568147235549986, 6464499.328190562315285 ] } },
{ "type": "Feature", "properties": { "id": 27458, "old_bplan": "old_bplan", "flooding_risk": "no_flood_risk", "ROR": "Oberfranken-Ost", "URL des Rasterbildes": "https://wms1.riwagis.de/kulmbach_lk_bp/bp-plaene/wirsberg/477163006_plan_geo.tif", "URL zur Legende": "https://wms1.riwagis.de/kulmbach_lk_bp/bp-dateien/wirsberg/477163006_legende.pdf", "URL der textlichen Festsetzung": "https://wms1.riwagis.de/kulmbach_lk_bp/bp-dateien/wirsberg/477163006_legende.pdf" }, "geometry": { "type": "Point", "coordinates": [ 1293446.24952379707247, 6466392.685679454356432 ] } },
{ "type": "Feature", "properties": { "id": 26466, "old_bplan": "old_bplan", "flooding_risk": "no_flood_risk", "ROR": "Oberfranken-Ost", "URL des Rasterbildes": "http://bauleitplanung.service-landkreis-hof.de/Helmbrechts/BPlan-Helmbrechts-087-000-000.pdf", "URL zur Legende": "http://bauleitplanung.service-landkreis-hof.de/Helmbrechts/BPlan-Helmbrechts-087-000-000.pdf", "URL der textlichen Festsetzung": "Dieser Bebauungsplan wurde noch nicht eingescannt" }, "geometry": { "type": "Point", "coordinates": [ 1303896.761058534495533, 6486653.849381398409605 ] } },
{ "type": "Feature", "properties": { "id": 938, "old_bplan": "old_bplan", "flooding_risk": "no_flood_risk", "ROR": "Oberfranken-Ost", "URL des Rasterbildes": "http://egov.landkreis-bayreuth.de/Externes/Bebauungsplaene/BPlan-Bad_Berneck-019-000-000.pdf", "URL zur Legende": "http://egov.landkreis-bayreuth.de/Externes/Bebauungsplaene/BPlan-Bad_Berneck-019-000-001.pdf", "URL der textlichen Festsetzung": "http://egov.landkreis-bayreuth.de/Externes/Bebauungsplaene/BPlan-Bad_Berneck-019-000-002.pdf" }, "geometry": { "type": "Point", "coordinates": [ 1303217.861177176237106, 6450818.66502464003861 ] } },
{ "type": "Feature", "properties": { "id": 4284, "old_bplan": "old_bplan", "flooding_risk": "no_flood_risk", "ROR": "Oberfranken-West", "URL des Rasterbildes": "https://wms1.riwagis.de/forchheim_gd_bp/bp-plaene/forchheim/1_5_1 teilbereich loeschwoehrd sued.tif", "URL zur Legende": "https://wms1.riwagis.de/forchheim_gd_bp/bp-dateien/forchheim/bp_1_5_1_teilbereich_loeschwoehrd_sued.pdf", "URL der textlichen Festsetzung": "https://wms1.riwagis.de/forchheim_gd_bp/bp-dateien/forchheim/bp_1_5_1_teilbereich_loeschwoehrd_sued.pdf" }, "geometry": { "type": "Point", "coordinates": [ 1230345.446221144637093, 6397254.637310300953686 ] } },
{ "type": "Feature", "properties": { "id": 26055, "old_bplan": "old_bplan", "flooding_risk": "no_flood_risk", "ROR": "Oberfranken-West", "URL des Rasterbildes": "https://geoportal.coburg.de/MedienExtern/Dokumente/B-Pl%C3%A4ne/29-7.pdf", "URL zur Legende": "https://geoportal.coburg.de/MedienExtern/Dokumente/B-Pl%C3%A4ne/29-7.pdf", "URL der textlichen Festsetzung": "https://geoportal.coburg.de/MedienExtern/Dokumente/B-Pl%C3%A4ne/29-7.pdf" }, "geometry": { "type": "Point", "coordinates": [ 1221140.595345540903509, 6493500.494643034413457 ] } },
{ "type": "Feature", "properties": { "id": 1434, "old_bplan": "old_bplan", "flooding_risk": "no_flood_risk", "ROR": "Oberfranken-West", "URL des Rasterbildes": "https://wms1.riwagis.de/baunach_vg_bp/bp-plaene/lauter/lauter_kirchenaecker-untere_wiesen_1._aenderung.tif", "URL zur Legende": "https://wms1.riwagis.de/baunach_vg_bp/bp-dateien/lauter/Lauter Kirchenäcker-Untere Wiesen 1. Änderung.pdf", "URL der textlichen Festsetzung": "https://wms1.riwagis.de/baunach_vg_bp/bp-dateien/lauter/Lauter Kirchenäcker-Untere Wiesen 1. Änderung.pdf" }, "geometry": { "type": "Point", "coordinates": [ 1201180.114642912754789, 6442331.14073574077338 ] } },
{ "type": "Feature", "properties": { "id": 4029, "old_bplan": "old_bplan", "flooding_risk": "no_flood_risk", "ROR": "Oberfranken-West", "URL des Rasterbildes": "https://wms1.riwagis.de/forchheim_gd_bp/bp-plaene/forchheim/1_4-7.tif", "URL zur Legende": "https://wms1.riwagis.de/forchheim_gd_bp/bp-dateien/forchheim/bp_1_4_7__zw_eisenbahn_zubringer__schoenbornstr_und_zweibrueckenstr.pdf", "URL der textlichen Festsetzung": "https://wms1.riwagis.de/forchheim_gd_bp/bp-dateien/forchheim/bp_1_4_7__zw_eisenbahn_zubringer__schoenbornstr_und_zweibrueckenstr.pdf" }, "geometry": { "type": "Point", "coordinates": [ 1232020.928784525254741, 6397624.338234140537679 ] } },
{ "type": "Feature", "properties": { "id": 26699, "old_bplan": "old_bplan", "flooding_risk": "no_flood_risk", "ROR": "Oberfranken-West", "URL des Rasterbildes": "https://wms1.riwagis.de/kronach_lk_bp/bp-plaene/weissenbrunn/476185019.tif", "URL zur Legende": "https://wms1.riwagis.de/kronach_lk_bp/bp-dateien/weissenbrunn/476185019-001.pdf", "URL der textlichen Festsetzung": "https://wms1.riwagis.de/kronach_lk_bp/bp-dateien/weissenbrunn/476185019-001.pdf" }, "geometry": { "type": "Point", "coordinates": [ 1262698.489094777731225, 6482113.439815955236554 ] } },
{ "type": "Feature", "properties": { "id": 14340, "old_bplan": "old_bplan", "flooding_risk": "no_flood_risk", "ROR": "Oberland", "URL des Rasterbildes": "https://wms1.riwagis.de/weilheim_lk_bp/bp-dateien/seeshaupt/sh_050-1.pdf", "URL zur Legende": "https://wms1.riwagis.de/weilheim_lk_bp/bp-dateien/seeshaupt/sh_050-1.pdf", "URL der textlichen Festsetzung": "https://wms1.riwagis.de/weilheim_lk_bp/bp-dateien/seeshaupt/sh_050-1.pdf" }, "geometry": { "type": "Point", "coordinates": [ 1258136.608188620768487, 6077522.311388215050101 ] } },
{ "type": "Feature", "properties": { "id": 24872, "old_bplan": "old_bplan", "flooding_risk": "no_flood_risk", "ROR": "Oberland", "URL des Rasterbildes": "https://wms1.riwagis.de/garmisch_lk_bp/bp-plaene/murnau a.staffelsee/murnau_eichholz_bis_hagener_strasse_aenderung3_plan.tif", "URL zur Legende": "https://wms1.riwagis.de/garmisch_lk_bp/bp-dateien/murnau a.staffelsee/murnau_eichholz_bis_hagener_strasse_aenderung3_legende.pdf", "URL der textlichen Festsetzung": "https://wms1.riwagis.de/garmisch_lk_bp/bp-dateien/murnau a.staffelsee/murnau_eichholz_bis_hagener_strasse_aenderung3_plan.pdf" }, "geometry": { "type": "Point", "coordinates": [ 1247822.45367263793014, 6053003.636494101956487 ] } },
{ "type": "Feature", "properties": { "id": 13123, "old_bplan": "old_bplan", "flooding_risk": "no_flood_risk", "ROR": "Oberland", "URL des Rasterbildes": "https://wms1.riwagis.de/toelz_lk_bp/bp-plaene/icking/dorfen_1_1_plan.tif", "URL zur Legende": "https://wms1.riwagis.de/toelz_lk_bp/bp-dateien/icking/dorfen_1_1_legende.pdf", "URL der textlichen Festsetzung": "https://wms1.riwagis.de/toelz_lk_bp/bp-dateien/icking/dorfen_1_1_plan.pdf" }, "geometry": { "type": "Point", "coordinates": [ 1270674.01921641593799, 6094897.613533874973655 ] } },
{ "type": "Feature", "properties": { "id": 15304, "old_bplan": "old_bplan", "flooding_risk": "no_flood_risk", "ROR": "Oberland", "URL des Rasterbildes": "https://wms1.riwagis.de/bp_nodata.html", "URL zur Legende": "https://wms1.riwagis.de/bp_nodata.html", "URL der textlichen Festsetzung": "https://wms1.riwagis.de/bp_nodata.html" }, "geometry": { "type": "Point", "coordinates": [ 1200814.726666642585769, 6063290.803933302871883 ] } },
{ "type": "Feature", "properties": { "id": 14673, "old_bplan": "old_bplan", "flooding_risk": "no_flood_risk", "ROR": "Oberland", "URL des Rasterbildes": "https://wms1.riwagis.de/weilheim_lk_bp/bp-dateien/burggen/endfert b-plan18_10_2011.pdf", "URL zur Legende": "https://wms1.riwagis.de/weilheim_lk_bp/bp-dateien/burggen/endfert b-plan18_10_2011.pdf", "URL der textlichen Festsetzung": "https://wms1.riwagis.de/weilheim_lk_bp/bp-dateien/burggen/endfert b-plan18_10_2011.pdf" }, "geometry": { "type": "Point", "coordinates": [ 1204657.070915766526014, 6070704.057860537432134 ] } },
{ "type": "Feature", "properties": { "id": 3084, "old_bplan": "old_bplan", "flooding_risk": "no_flood_risk", "ROR": "Oberpfalz-Nord", "URL des Rasterbildes": "http://bau.kreis-tir.de/ploessberg/030_00_Feldlohe_1_Erweiterung_Plan.pdf", "URL zur Legende": "http://bau.kreis-tir.de/ploessberg/030_00_Feldlohe_1_Erweiterung_Plan.pdf", "URL der textlichen Festsetzung": "http://bau.kreis-tir.de/ploessberg/030_00_Feldlohe_1_Erweiterung_Text.pdf" }, "geometry": { "type": "Point", "coordinates": [ 1371662.892234597122297, 6416788.247648390009999 ] } },
{ "type": "Feature", "properties": { "id": 16792, "old_bplan": "old_bplan", "flooding_risk": "no_flood_risk", "ROR": "Oberpfalz-Nord", "URL des Rasterbildes": "https://geodaten.landkreis-schwandorf.de/portal/apps/dashboards/1f7936924fcc4a75999bd097c816ddfa#pnr=153_013", "URL zur Legende": "https://geodaten.landkreis-schwandorf.de/portal/apps/dashboards/1f7936924fcc4a75999bd097c816ddfa#pnr=153_013", "URL der textlichen Festsetzung": "https://geodaten.landkreis-schwandorf.de/portal/apps/dashboards/1f7936924fcc4a75999bd097c816ddfa#pnr=153_013" }, "geometry": { "type": "Point", "coordinates": [ 1353765.677253817906603, 6357357.24332669749856 ] } },
{ "type": "Feature", "properties": { "id": 16817, "old_bplan": "old_bplan", "flooding_risk": "no_flood_risk", "ROR": "Oberpfalz-Nord", "URL des Rasterbildes": "https://geodaten.landkreis-schwandorf.de/portal/apps/dashboards/1f7936924fcc4a75999bd097c816ddfa#pnr=171_008", "URL zur Legende": "https://geodaten.landkreis-schwandorf.de/portal/apps/dashboards/1f7936924fcc4a75999bd097c816ddfa#pnr=171_008", "URL der textlichen Festsetzung": "https://geodaten.landkreis-schwandorf.de/portal/apps/dashboards/1f7936924fcc4a75999bd097c816ddfa#pnr=171_008" }, "geometry": { "type": "Point", "coordinates": [ 1378271.817314797081053, 6356488.205715230666101 ] } },
{ "type": "Feature", "properties": { "id": 18648, "old_bplan": "old_bplan", "flooding_risk": "no_flood_risk", "ROR": "Oberpfalz-Nord", "URL des Rasterbildes": "https://geodaten.landkreis-schwandorf.de/portal/apps/dashboards/1f7936924fcc4a75999bd097c816ddfa#pnr=149_001", "URL zur Legende": "https://geodaten.landkreis-schwandorf.de/portal/apps/dashboards/1f7936924fcc4a75999bd097c816ddfa#pnr=149_001", "URL der textlichen Festsetzung": "https://geodaten.landkreis-schwandorf.de/portal/apps/dashboards/1f7936924fcc4a75999bd097c816ddfa#pnr=149_001" }, "geometry": { "type": "Point", "coordinates": [ 1364346.549504263559356, 6308660.719630339182913 ] } },
{ "type": "Feature", "properties": { "id": 2758, "old_bplan": "old_bplan", "flooding_risk": "no_flood_risk", "ROR": "Oberpfalz-Nord", "URL des Rasterbildes": "http://bau.kreis-tir.de/maehring/001_0_Schaefersbuehl_Grosskonreuth_Plan.pdf", "URL zur Legende": "http://bau.kreis-tir.de/maehring/001_0_Schaefersbuehl_Grosskonreuth_Plan.pdf", "URL der textlichen Festsetzung": "http://bau.kreis-tir.de/maehring/001_0_Schaefersbuehl_Grosskonreuth_Text.pdf" }, "geometry": { "type": "Point", "coordinates": [ 1382849.788282711990178, 6426843.052628888748586 ] } },
{ "type": "Feature", "properties": { "id": 18194, "old_bplan": "old_bplan", "flooding_risk": "no_flood_risk", "ROR": "Regensburg", "URL des Rasterbildes": "https://www.neumarkt.de/planen-bauen/stadtentwicklung/bebauungsplaene-bauleitplanung/rechtskraeftige-bauleitplaene/", "URL zur Legende": "https://www.neumarkt.de/planen-bauen/stadtentwicklung/bebauungsplaene-bauleitplanung/rechtskraeftige-bauleitplaene/", "URL der textlichen Festsetzung": "https://www.neumarkt.de/planen-bauen/stadtentwicklung/bebauungsplaene-bauleitplanung/rechtskraeftige-bauleitplaene/" }, "geometry": { "type": "Point", "coordinates": [ 1271816.840365518582985, 6323815.250855657272041 ] } },
{ "type": "Feature", "properties": { "id": 19049, "old_bplan": "old_bplan", "flooding_risk": "no_flood_risk", "ROR": "Regensburg", "URL des Rasterbildes": "http://www.kreis-nm.de/bplaene/Berching/Wegscheid_II_1-Aenderung_BLP.pdf", "URL zur Legende": "http://www.kreis-nm.de/bplaene/Berching/Wegscheid_II_1-Aenderung_BLP.pdf", "URL der textlichen Festsetzung": "http://www.kreis-nm.de/bplaene/Berching/Wegscheid_II_1-Aenderung_Textfestsetzung.pdf" }, "geometry": { "type": "Point", "coordinates": [ 1275076.411039559403434, 6298717.471918202005327 ] } },
{ "type": "Feature", "properties": { "id": 23337, "old_bplan": "old_bplan", "flooding_risk": "no_flood_risk", "ROR": "Regensburg", "URL des Rasterbildes": "https://wms1.riwagis.de/kelheim_lk_bp/bp-plaene/attenhofen/taennelfeld-0.tif", "URL zur Legende": "https://wms1.riwagis.de/kelheim_lk_bp/bp-dateien/attenhofen/g-taennelfeld.pdf", "URL der textlichen Festsetzung": "https://wms1.riwagis.de/kelheim_lk_bp/bp-dateien/attenhofen/taennelfeld.pdf" }, "geometry": { "type": "Point", "coordinates": [ 1315997.429255763068795, 6215538.243595586158335 ] } },
{ "type": "Feature", "properties": { "id": 19263, "old_bplan": "old_bplan", "flooding_risk": "no_flood_risk", "ROR": "Regensburg", "URL des Rasterbildes": "http://www.kreis-nm.de/bplaene/berching/Holnstein_II_BPL.pdf", "URL zur Legende": "http://www.kreis-nm.de/bplaene/berching/Holnstein_II_Satzung.pdf", "URL der textlichen Festsetzung": "http://www.kreis-nm.de/bplaene/berching/Holnstein_II_BPL.pdf" }, "geometry": { "type": "Point", "coordinates": [ 1281044.927309894235805, 6293413.010489023290575 ] } },
{ "type": "Feature", "properties": { "id": 23324, "old_bplan": "old_bplan", "flooding_risk": "no_flood_risk", "ROR": "Regensburg", "URL des Rasterbildes": "https://wms1.riwagis.de/kelheim_lk_bp/bp-plaene/mainburg/kindergarten-0.tif", "URL zur Legende": "https://wms1.riwagis.de/kelheim_lk_bp/bp-dateien/mainburg/g-kindergarten.pdf", "URL der textlichen Festsetzung": "https://wms1.riwagis.de/kelheim_lk_bp/bp-dateien/mainburg/kindergarten.pdf" }, "geometry": { "type": "Point", "coordinates": [ 1313283.914751639356837, 6212041.249551539309323 ] } },
{ "type": "Feature", "properties": { "id": 13355, "old_bplan": "old_bplan", "flooding_risk": "no_flood_risk", "ROR": "Südostoberbayern", "URL des Rasterbildes": "http://www.bad-endorf.de/fileadmin/bad_endorf/pdf/Bebauungsplaene/Bebauungsplaene_2018/09_00_Kurgebiet.pdf", "URL zur Legende": "http://www.bad-endorf.de/fileadmin/bad_endorf/pdf/Bebauungsplaene/Bebauungsplaene_2018/09_00_Kurgebiet.pdf", "URL der textlichen Festsetzung": "http://www.bad-endorf.de/fileadmin/bad_endorf/pdf/Bebauungsplaene/Bebauungsplaene_2018/09_00_Kurgebiet.pdf" }, "geometry": { "type": "Point", "coordinates": [ 1369098.622767413267866, 6090582.47254307102412 ] } },
{ "type": "Feature", "properties": { "id": 14066, "old_bplan": "old_bplan", "flooding_risk": "no_flood_risk", "ROR": "Südostoberbayern", "URL des Rasterbildes": "Dieser Bebauungsplan wurde noch nicht eingescannt", "URL zur Legende": "Dieser Bebauungsplan wurde noch nicht eingescannt", "URL der textlichen Festsetzung": "Dieser Bebauungsplan wurde noch nicht eingescannt" }, "geometry": { "type": "Point", "coordinates": [ 1418678.565237112808973, 6078850.106874926947057 ] } },
{ "type": "Feature", "properties": { "id": 13913, "old_bplan": "old_bplan", "flooding_risk": "no_flood_risk", "ROR": "Südostoberbayern", "URL des Rasterbildes": "https://wms1.riwagis.de/rosenheim_lk_bp/bp-plaene/stephanskirchen/809x_000_oas_eitzing_kirschenweg_ost.tif", "URL zur Legende": "https://wms1.riwagis.de/rosenheim_lk_bp/bp-dateien/stephanskirchen/ortsabrundungssatzung eitzing - kirschenweg-sonnenbichlstrasse (satzung mit plan).pdf", "URL der textlichen Festsetzung": "https://wms1.riwagis.de/rosenheim_lk_bp/bp-dateien/stephanskirchen/ortsabrundungssatzung eitzing - kirschenweg-sonnenbichlstrasse (satzung mit plan).pdf" }, "geometry": { "type": "Point", "coordinates": [ 1357094.410242615267634, 6082379.984293433837593 ] } },
{ "type": "Feature", "properties": { "id": 10353, "old_bplan": "old_bplan", "flooding_risk": "no_flood_risk", "ROR": "Südostoberbayern", "URL des Rasterbildes": "https://www.gars.de/wp-content/uploads/2020/01/B007-Innwerksiedlung-Plan-und-Textteil.pdf", "URL zur Legende": "Dieser Bebauungsplan wurde noch nicht eingescannt", "URL der textlichen Festsetzung": "https://www.gars.de/wp-content/uploads/2020/01/B007-Innwerksiedlung-Begr%C3%BCndung.pdf" }, "geometry": { "type": "Point", "coordinates": [ 1370052.499965012073517, 6131388.297293909825385 ] } },
{ "type": "Feature", "properties": { "id": 7343, "old_bplan": "old_bplan", "flooding_risk": "no_flood_risk", "ROR": "Südostoberbayern", "URL des Rasterbildes": "https://wms1.riwagis.de/muehldorf_lk_bp/bp-plaene/neumarkt-sankt veit/neumarkt_egs_alte_teisinger_str_0_plan.tif", "URL zur Legende": "https://wms1.riwagis.de/muehldorf_lk_bp/bp-dateien/neumarkt-sankt veit/nsv_062_00 egs an der alten teisinger strasse.pdf", "URL der textlichen Festsetzung": "https://wms1.riwagis.de/muehldorf_lk_bp/bp-dateien/neumarkt-sankt veit/nsv_062_00 egs an der alten teisinger strasse.pdf" }, "geometry": { "type": "Point", "coordinates": [ 1390266.63263941463083, 6166905.564258280210197 ] } },
{ "type": "Feature", "properties": { "id": 18377, "old_bplan": "old_bplan", "flooding_risk": "no_flood_risk", "ROR": "Westmittelfranken", "URL des Rasterbildes": "https://wms1.riwagis.de/ansbach_lk_bp/bp-dateien/dombuehl/bplan-dombuehl-009-00-p-kloster sulz.pdf", "URL zur Legende": "https://wms1.riwagis.de/ansbach_lk_bp/bp-dateien/dombuehl/bplan-dombuehl-009-00-l-kloster sulz.pdf", "URL der textlichen Festsetzung": "https://wms1.riwagis.de/ansbach_lk_bp/bp-dateien/dombuehl/bplan-dombuehl-009-00-p-kloster sulz.pdf" }, "geometry": { "type": "Point", "coordinates": [ 1147695.423580090515316, 6318793.201151763089001 ] } },
{ "type": "Feature", "properties": { "id": 18910, "old_bplan": "old_bplan", "flooding_risk": "no_flood_risk", "ROR": "Westmittelfranken", "URL des Rasterbildes": "https://wms1.riwagis.de/ansbach_lk_bp/bp-dateien/schnelldorf/bplan-schnelldorf-009-00-p-hilpertsweiler.pdf", "URL zur Legende": "https://wms1.riwagis.de/ansbach_lk_bp/bp-dateien/schnelldorf/bplan-schnelldorf-009-00-l-hilpertsweiler.pdf", "URL der textlichen Festsetzung": "https://wms1.riwagis.de/ansbach_lk_bp/bp-dateien/schnelldorf/bplan-schnelldorf-009-00-p-hilpertsweiler.pdf" }, "geometry": { "type": "Point", "coordinates": [ 1140268.096719065215439, 6303873.041216424666345 ] } },
{ "type": "Feature", "properties": { "id": 19163, "old_bplan": "old_bplan", "flooding_risk": "no_flood_risk", "ROR": "Westmittelfranken", "URL des Rasterbildes": "https://wms1.riwagis.de/ansbach_lk_bp/bp-dateien/ehingen/bplan-ehingen-008-00-p-beyerberg.pdf", "URL zur Legende": "https://wms1.riwagis.de/ansbach_lk_bp/bp-dateien/ehingen/bplan-ehingen-008-00-l-beyerberg.pdf", "URL der textlichen Festsetzung": "https://wms1.riwagis.de/ansbach_lk_bp/bp-dateien/ehingen/bplan-ehingen-008-00-p-beyerberg.pdf" }, "geometry": { "type": "Point", "coordinates": [ 1168880.067032654071227, 6293966.848706554621458 ] } },
{ "type": "Feature", "properties": { "id": 17672, "old_bplan": "old_bplan", "flooding_risk": "no_flood_risk", "ROR": "Westmittelfranken", "URL des Rasterbildes": "https://wms1.riwagis.de/ansbach_lk_bp/bp-dateien/buch a.wald/bplan-buch am wald-011-00-p-schoenbronn.pdf", "URL zur Legende": "https://wms1.riwagis.de/ansbach_lk_bp/bp-dateien/buch a.wald/bplan-buch am wald-011-00-l-schoenbronn.pdf", "URL der textlichen Festsetzung": "https://wms1.riwagis.de/ansbach_lk_bp/bp-dateien/buch a.wald/bplan-buch am wald-011-00-p-schoenbronn.pdf" }, "geometry": { "type": "Point", "coordinates": [ 1143635.672181237721816, 6329674.379392487928271 ] } },
{ "type": "Feature", "properties": { "id": 18719, "old_bplan": "old_bplan", "flooding_risk": "no_flood_risk", "ROR": "Westmittelfranken", "URL des Rasterbildes": "https://wms1.riwagis.de/ansbach_lk_bp/bp-dateien/merkendorf/bplan-merkendorf-015-00-p-triesdorf bahnhof.pdf", "URL zur Legende": "https://wms1.riwagis.de/ansbach_lk_bp/bp-dateien/merkendorf/bplan-merkendorf-015-00-l-triesdorf bahnhof.pdf", "URL der textlichen Festsetzung": "https://wms1.riwagis.de/ansbach_lk_bp/bp-dateien/merkendorf/bplan-merkendorf-015-00-p-triesdorf bahnhof.pdf" }, "geometry": { "type": "Point", "coordinates": [ 1189513.617996483808383, 6308228.560041243210435 ] } },
{ "type": "Feature", "properties": { "id": 4249, "old_bplan": "old_bplan", "flooding_risk": "no_flood_risk", "ROR": "Würzburg", "URL des Rasterbildes": "http://www.kitzingen.de/m_30019", "URL zur Legende": "http://www.kitzingen.de/m_30018", "URL der textlichen Festsetzung": "http://www.kitzingen.de/m_30020" }, "geometry": { "type": "Point", "coordinates": [ 1137317.96080152830109, 6396002.267320000566542 ] } },
{ "type": "Feature", "properties": { "id": 3222, "old_bplan": "old_bplan", "flooding_risk": "no_flood_risk", "ROR": "Würzburg", "URL des Rasterbildes": "https://okgis.osrz-akdb.de/msp/downloads/bplan/09677_125_010_000/Weinvermarktung.PII", "URL zur Legende": "https://okgis.osrz-akdb.de/msp/downloads/bplan/40c5950a-22c4-4fae-a087-d94aa2193943/09677_125_010_000/Festsetzungen.pdf", "URL der textlichen Festsetzung": "https://okgis.osrz-akdb.de/msp/downloads/bplan/40c5950a-22c4-4fae-a087-d94aa2193943/09677_125_010_000/Festsetzungen.pdf" }, "geometry": { "type": "Point", "coordinates": [ 1071830.95884020277299, 6416940.391445634886622 ] } },
{ "type": "Feature", "properties": { "id": 3971, "old_bplan": "old_bplan", "flooding_risk": "no_flood_risk", "ROR": "Würzburg", "URL des Rasterbildes": "http://www.kitzingen.de/m_30977", "URL zur Legende": "http://www.kitzingen.de/m_30976", "URL der textlichen Festsetzung": "http://www.kitzingen.de/m_30978" }, "geometry": { "type": "Point", "coordinates": [ 1147967.032027630601078, 6402084.339407392777503 ] } },
{ "type": "Feature", "properties": { "id": 16249, "old_bplan": "old_bplan", "flooding_risk": "no_flood_risk", "ROR": "Würzburg", "URL des Rasterbildes": "http://geoinfo.landkreis-wuerzburg.de/riedenheim/Solarkraftwerk_Riedenheim.pdf", "URL zur Legende": "https://gdiserv.bayern.de/bauleitplanung/siehe URL des Rasterbildes", "URL der textlichen Festsetzung": "https://gdiserv.bayern.de/bauleitplanung/siehe URL des Rasterbildes" }, "geometry": { "type": "Point", "coordinates": [ 1109788.494777742074803, 6371720.536855457350612 ] } },
{ "type": "Feature", "properties": { "id": 2892, "old_bplan": "old_bplan", "flooding_risk": "no_flood_risk", "ROR": "Würzburg", "URL des Rasterbildes": "http://geoinfo.landkreis-wuerzburg.de/guentersleben/Freizeitgelaende_an_der_Jahnstrasse_Ae1.pdf", "URL zur Legende": "http://geoinfo.landkreis-wuerzburg.de/guentersleben/Freizeitgelaende_an_der_Jahnstrasse_Ae1.pdf", "URL der textlichen Festsetzung": "http://geoinfo.landkreis-wuerzburg.de/guentersleben/Freizeitgelaende_an_der_Jahnstrasse_Ae1.pdf" }, "geometry": { "type": "Point", "coordinates": [ 1102980.25150136416778, 6424723.226875570602715 ] } }
]
}
